Address Number;Business Family;Business Unit;Customer;CustomerKey;Customer Type;Division;Line of Business;Phone;Region Code;Regional Sales Mgr;Search Type
10000000;R3;1;City Supermarket;10000000;G2;2;   ;816-455-8733;4;S16;C
10000453;R3;1;A Supermarket;10000453;G1;1;   ;816-455-8733;5;S19;C
10000455;R3;1;Caribian Supermarket;10000455;G2;2;   ;816-455-8733;1;S16;C
10000456;R1;1;A&B Shop;10000456;G3;1;   ;816-455-8733;0;S2;C
10000457;O2;1;A&G Shop;10000457;G1;1;   ;816-455-8733;5;S1;C
10000458;R3;1;A&R Market;10000458;G2;2;   ;816-455-8733;4;S9;C
10000460;R3;1;Meals Market;10000460;G2;2;   ;816-455-8733;2;S16;C
10000461;R1;1;A1 Store;10000461;G3;1;   ;816-455-8733;0;S2;C
10000462;R3;1;a2i Shop;10000462;G2;2;   ;816-455-8733;4;S1;C
10000466;R3;1;A2Z Store;10000466;G2;2;   ;816-455-8733;1;S16;C
10000469;R3;1;A-2-Z Supermarket;10000469;G3;1;   ;816-455-8733;0;S5;C
10000471;R3;1;Aadast Shop;10000471;G1;1;M1;816-455-8733;5;S19;C
10000472;R3;1;Aaron Store;10000472;G2;2;   ;816-455-8733;1;S4;C
10000473;R3;1;Aaron Supermarket;10000473;G2;2;   ;816-455-8733;1;S16;C
10000474;R2;1;A-ARVIN Store;10000474;G2;2;   ;816-455-8733;4;S9;C
10000475;R3;1;AA-Wizard Shop;10000475;G2;2;   ;816-455-8733;2;S16;C
10000478;R3;1;Abacus Market;10000478;G2;2;   ;816-455-8733;2;S16;C
10000480;R2;1;Abbotsbury Shop;10000480;G2;2;   ;816-455-8733;1;S5;C
10000481;R2;1;Abbott Shop;10000481;G2;2;   ;816-455-8733;4;S5;C
10000486;R3;1;Aberdeen Shop;10000486;G2;1;   ;816-455-8733;5;S14;C
10000488;R3;1;ABI Supermarket;10000488;G1;1;M1;816-455-8733;5;S19;C
10000496;R3;1;AboveNet Shop;10000496;G2;1;   ;816-455-8733;5;S9;C
10000497;R3;1;Abplus Shop;10000497;G1;1;   ;816-455-8733;5;S16;C
10000499;R3;1;ABSolute Shop;10000499;G2;1;   ;816-455-8733;5;S16;C
10000501;R3;1;Absolute Supermarket;10000501;G3;1;   ;816-455-8733;5;S5;C
10000502;R3;1;Abstract Shop;10000502;G1;1;M1;816-455-8733;5;S19;C
10000601;R2;1;Radio Market;10000601;G2;2;   ;816-455-8733;2;S5;C
10001103;R3;1;AC Store;10001103;G2;1;   ;816-455-8733;5;S16;C
10001263;R3;1;AC&E Shop;10001263;G1;1;M1;816-455-8733;5;S19;C
10001784;R2;1;Acacia Shop;10001784;G2;1;   ;816-455-8733;5;S11;C
10001786;R3;1;Acara Shop;10001786;G2;1;   ;816-455-8733;5;S16;C
10001818;R3;1;Acc Supermarket;10001818;G2;1;   ;816-455-8733;5;S16;C
10002114;R3;1;Accel Supermarket;10002114;G2;1;   ;816-455-8733;5;S1;C
10002115;R3;1;Accent Store;10002115;G1;1;M1;816-455-8733;5;S19;C
10002117;O2;1;Accent Market;10002117;G1;1;   ;816-455-8733;5;S1;C
10002128;R3;1;Access Store;10002128;G1;1;M1;816-455-8733;5;S19;C
10002136;R3;1;AccessWare Shop;10002136;G1;1;M1;816-455-8733;5;S20;C
10002137;R3;1;Accidental Shop;10002137;G2;1;   ;816-455-8733;5;S16;C
10002138;R3;1;ACCPAC Store;10002138;G2;1;   ;816-455-8733;5;S16;C
10002139;R1;1;Accrue Shop;10002139;G2;1;   ;816-455-8733;5;S11;C
10002140;R3;1;Accton Shop;10002140;G2;1;   ;816-455-8733;5;S16;C
10002142;R2;1;AccuCom Shop;10002142;G2;1;   ;816-455-8733;5;S5;C
10002144;R2;1;ACCUCOMP Shop;10002144;G3;1;   ;816-455-8733;5;S8;C
10002149;R3;1;AccuLAN Shop;10002149;G2;1;   ;816-455-8733;5;S16;I
10002150;R3;1;Accumedic Store;10002150;G2;1;   ;816-455-8733;5;S16;C
10002153;R2;1;Ace Market;10002153;G2;1;   ;816-455-8733;5;S5;C
10002154;R2;1;Acer Superstore;10002154;G3;1;   ;816-455-8733;5;S8;C
10002155;R3;1;ACES Supermarket;10002155;G1;1;M1;816-455-8733;5;S18;C
10002159;R3;1;ACI Shop;10002159;G1;1;M1;816-455-8733;5;S19;C
10002161;R2;1;ACME Maxiplace;10002161;G2;1;   ;816-455-8733;5;S4;C
10002220;R3;1;ACRON Shop;10002220;G3;1;   ;816-455-8733;0;S5;C
10002240;R3;1;ACS Shop;10002240;G2;2;   ;816-455-8733;3;S1;C
10002244;O2;1;ACS Market;10002244;G2;2;   ;816-455-8733;2;S12;C
10002412;R3;1;Acsior Shop;10002412;G1;1;M1;816-455-8733;5;S19;C
10002489;R3;1;ACT Supermarket;10002489;G2;2;   ;816-455-8733;2;S16;C
10002501;R3;1;Action Supermarket;10002501;G1;1;   ;816-455-8733;5;S19;C
10002506;R3;1;ActionWorld Shop;10002506;G2;2;   ;816-455-8733;1;S16;C
10002520;R3;1;ActivCard Shop;10002520;G1;1;M1;816-455-8733;5;S19;C
10002526;R3;1;Active Shop;10002526;G1;1;M1;816-455-8733;5;S19;C
10002709;R3;1;Active Store;10002709;G2;2;   ;816-455-8733;1;S1;C
10002746;R3;1;Active Supermarket;10002746;G2;2;   ;816-455-8733;4;S9;C
10002765;R3;1;Active Store;10002765;G2;2;   ;816-455-8733;2;S16;C
10002964;R3;1;ActiveC Shop;10002964;G3;1;   ;816-455-8733;0;S17;C
10002969;R3;1;activeDesign Shop;10002969;G2;2;   ;816-455-8733;3;S1;C
10003554;R3;1;Ad Supermarket;10003554;G1;1;M1;816-455-8733;5;S19;C
10003687;R3;1;Ad-vantage Shop;10003687;G2;1;   ;816-455-8733;5;S1;C
10003720;R2;1;Age Shop;10003720;G2;2;   ;816-455-8733;3;S5;C
10003749;R3;1;Associates Shop;10003749;G1;1;M1;816-455-8733;5;S19;C
10003795;R3;1;Bechtel Supermarket;10003795;G2;2;   ;816-455-8733;2;S16;C
10003857;R3;1;Beckman Market;10003857;G2;1;   ;816-455-8733;5;S1;C
10003882;R3;1;Beech Supermarket;10003882;G2;1;   ;816-455-8733;5;S16;C
10004207;R3;1;Bell Store;10004207;G1;1;M1;816-455-8733;5;S19;C
10004245;R2;1;Bens Megaplace;10004245;G2;2;   ;816-455-8733;1;S3;C
10004255;R3;1;Bendix Store;10004255;G1;1;M1;816-455-8733;5;S19;C
10004256;R3;1;Benedict Shop;10004256;G2;2;   ;816-455-8733;1;S16;C
10004302;R3;1;Berkeley Supermarket;10004302;G2;2;M1;816-455-8733;2;S1;C
10004516;R3;1;Besicorp Shop;10004516;G1;1;M1;816-455-8733;5;S19;C
10004602;R3;1;Best Supermarket;10004602;G2;1;   ;816-455-8733;5;S16;C
10005006;R1;1;Betacorp Shop;10005006;G2;2;   ;816-455-8733;1;S11;C
10005043;R3;1;Bezeq Shop;10005043;G1;1;M1;816-455-8733;5;S18;C
10005099;R3;1;BF Supermarket;10005099;G2;1;   ;816-455-8733;5;S16;C
10005236;R3;1;BH Supermarket;10005236;G2;1;   ;816-455-8733;5;S16;C
10005376;R3;1;Bibb Store;10005376;G2;1;   ;816-455-8733;5;S1;C
10005620;R3;1;BidCast Shop;10005620;G2;1;   ;816-455-8733;5;S1;C
10005688;R3;1;Bien Supermarket;10005688;G2;1;   ;816-455-8733;5;S9;C
10005810;R3;1;Big Shop;10005810;G1;1;M1;816-455-8733;5;S19;C
10005861;R3;1;Big Supermarket;10005861;G1;1;M1;816-455-8733;5;S19;C
10005919;R3;1;Big Store;10005919;G2;1;   ;816-455-8733;5;S4;C
10005922;R3;1;Big Supermarket;10005922;G2;1;   ;816-455-8733;5;S1;C
10006037;R3;1;Bigelow Store;10006037;G1;2;   ;816-455-8733;2;S16;C
10006093;R3;1;BigJobs Shop;10006093;G2;2;   ;816-455-8733;4;S9;C
10006805;R3;1;Bitstream Shop;10006805;G1;2;   ;816-455-8733;2;S16;C
10006836;R3;1;Biz-comm Shop;10006836;G1;1;M1;816-455-8733;5;S16;C
10006846;R3;1;Bizmarts Shop;10006846;G2;2;   ;816-455-8733;1;S1;C
10006848;R3;1;BizNet Supermarket;10006848;G2;2;   ;816-455-8733;3;S1;C
10006862;R3;1;BL Supermarket;10006862;G2;2;   ;816-455-8733;2;S1;C
10006916;R3;1;Boott Store;10006916;G2;1;   ;816-455-8733;5;S16;C
10006917;R3;1;Borden Supermarket;10006917;G2;1;   ;816-455-8733;5;S1;C
10006919;R3;1;Hoovey SuperStore;10006919;G1;1;M1;816-455-8733;5;S19;C
10006977;R3;1;Brazilian Supermarket;10006977;G2;1;   ;816-455-8733;5;S16;C
10006983;O1;1;Brentano's Shop;10006983;G2;1;   ;816-455-8733;5;S5;C
10007117;R3;1;Bre-X Shop;10007117;G1;1;M1;816-455-8733;5;S19;C
10007120;R3;1;Brinco Store;10007120;G2;2;   ;816-455-8733;1;S16;C
10007121;R3;1;C Market;10007121;G2;2;   ;816-455-8733;4;S16;C
10007122;R3;1;C Store;10007122;G2;2;   ;816-455-8733;2;S16;C
10007123;R3;1;C Supermarket;10007123;G2;2;   ;816-455-8733;2;S16;C
10007134;R3;1;C&C Shop;10007134;G2;1;M1;816-455-8733;5;S1;C
10007163;R3;1;C. Store;10007163;G1;1;M1;816-455-8733;5;S17;C
10007183;R2;1;C.O.F. Shop;10007183;G2;1;   ;816-455-8733;5;S3;C
10007253;O2;1;C3 Supermarket;10007253;G2;1;   ;816-455-8733;5;S12;C
10007258;R3;1;C3I Shop;10007258;G2;1;   ;816-455-8733;5;S16;C
10007268;R3;1;Cabco Supermarket;10007268;G2;1;   ;816-455-8733;5;S11;I
10007309;R3;1;Cadtex Shop;10007309;G1;1;M1;816-455-8733;5;S19;C
10007355;R3;1;CAF Market;10007355;G2;2;   ;816-455-8733;2;S16;C
10007448;R3;1;Cajun Shop;10007448;G2;1;   ;816-455-8733;5;S16;C
10007457;O2;1;CalComp Shop;10007457;G3;1;   ;816-455-8733;5;S1;C
10007468;R2;1;Caleidoscopio Supermarket;10007468;G2;1;   ;816-455-8733;5;S9;C
10007536;R2;1;Calypso Maxi Store;10007536;G2;1;   ;816-455-8733;5;S5;C
10007564;R2;1;CAM Market;10007564;G2;2;   ;816-455-8733;2;S1;C
10007566;R2;1;Cambio Shop;10007566;G2;2;   ;816-455-8733;4;S9;C
10007577;R3;1;Cam-Built Supermarket;10007577;G2;2;   ;816-455-8733;3;S1;C
10007591;R3;1;ComeStore;10007591;G1;1;M1;816-455-8733;5;S19;C
10007866;R3;1;Camros Shop;10007866;G1;1;M1;816-455-8733;5;S16;C
10008134;R3;1;Canter Shop;10008134;G2;2;M1;816-455-8733;3;S16;C
10008381;R3;1;CAPCON Shop;10008381;G2;2;   ;816-455-8733;1;S1;C
10008593;R2;1;Capitola Market;10008593;G2;2;   ;816-455-8733;4;S5;C
10008596;R4;1;Capitolnet Supermarket;10008596;G2;2;   ;816-455-8733;2;S18;C
10008602;R3;1;Caprica Supermarket;10008602;G2;2;   ;816-455-8733;3;S1;C
10008638;R3;1;CAPTA Shop;10008638;G2;2;   ;816-455-8733;3;S1;C
10008893;R3;1;Caravelle Shop;10008893;G2;2;   ;816-455-8733;1;S1;C
10009156;R3;1;Carden Supermarket;10009156;G2;2;   ;816-455-8733;4;S1;C
10009356;R1;1;Central Supermarket;10009356;G2;2;   ;816-455-8733;4;S11;C
10009606;R3;1;Champs Gigaplace;10009606;G1;1;M1;816-455-8733;5;S19;C
10009623;R3;1;Chas Market;10009623;G2;2;   ;816-455-8733;2;S16;I
10009631;R3;1;Clearout Shop;10009631;G2;2;   ;816-455-8733;1;S16;C
10009633;R3;1;Dan Store;10009633;G2;1;   ;816-455-8733;5;S16;C
10009639;R3;1;Data Supermarket;10009639;G1;1;M1;816-455-8733;5;S19;C
10009642;R3;1;David Store;10009642;G2;2;   ;816-455-8733;4;S16;C
10009643;R3;1;David Store;10009643;G2;2;   ;816-455-8733;4;S9;C
10009645;O2;1;Day Market;10009645;G2;1;   ;816-455-8733;5;S12;C
10009647;R3;1;Dayton Supermarket;10009647;G2;2;   ;816-455-8733;1;S16;C
10009650;R3;1;Dayton Store;10009650;G1;1;M1;816-455-8733;5;S16;C
10009652;R1;1;Dci Shop;10009652;G3;1;   ;816-455-8733;0;S21;C
10009653;R2;1;DCP Supermarket;10009653;G3;1;   ;816-455-8733;0;S8;C
10009654;R3;1;DCS Store;10009654;G2;2;   ;816-455-8733;2;S16;C
10009656;R3;1;DCS Market;10009656;G2;2;   ;816-455-8733;1;S16;C
10009657;R3;1;DC-Works Shop;10009657;G2;2;   ;816-455-8733;3;S16;C
10009660;R1;1;DDR Shop;10009660;G2;2;   ;816-455-8733;2;S22;C
10009662;R3;1;De Store;10009662;G2;2;   ;816-455-8733;3;S1;C
10009669;R3;1;De Store;10009669;G2;1;   ;816-455-8733;5;S14;C
10009672;R3;1;DEAC Shop;10009672;G2;2;   ;816-455-8733;1;S16;C
10009676;R3;1;Pereras;10009676;G2;2;   ;816-455-8733;4;S16;C
10009679;R3;1;Debenhams Supermarket;10009679;G2;2;   ;816-455-8733;2;S16;C
10009697;R2;1;Debian Shop;10009697;G2;2;   ;816-455-8733;2;S5;I
10009863;R3;1;Deere Store;10009863;G1;1;M1;816-455-8733;5;S19;C
10009885;R3;1;Degolyer Supermarket;10009885;G3;1;   ;816-455-8733;0;S5;C
10009907;R2;1;Del Supermarket;10009907;G2;2;   ;816-455-8733;2;S9;C
10009985;R3;1;E Supermarket;10009985;G2;2;M1;816-455-8733;1;S16;C
10010698;R3;1;Earth Shop;10010698;G2;2;   ;816-455-8733;1;S16;C
10010717;R2;1;East Shop;10010717;G2;2;   ;816-455-8733;4;S5;C
10010832;R2;1;?change Store;10010832;G2;1;   ;816-455-8733;5;S11;C
10010855;R3;1;ECI Supermarket;10010855;G2;1;   ;816-455-8733;5;S16;C
10010865;R3;1;ECS Supermarket;10010865;G2;1;   ;816-455-8733;5;S1;C
10010881;R1;1;Ed Store;10010881;G2;1;   ;816-455-8733;5;S11;C
10010882;R3;1;EDA Supermarket;10010882;G2;1;   ;816-455-8733;5;S16;I
10010884;R3;1;EDC Supermarket;10010884;G3;1;M1;816-455-8733;0;S5;C
10010886;R1;1;EDGE Supermarket;10010886;G2;2;   ;816-455-8733;1;S11;C
10010887;R3;1;Edia Shop;10010887;G3;1;   ;816-455-8733;0;S5;C
10010897;R2;1;Edify Shop;10010897;G2;2;   ;816-455-8733;2;S2;C
10010904;R3;1;eDistrict Shop;10010904;G2;2;   ;816-455-8733;4;S1;C
10010906;R3;1;ediSys Shop;10010906;G2;2;   ;816-455-8733;3;S1;C
10010912;R3;1;edit.nl Shop;10010912;G2;2;M1;816-455-8733;2;S16;C
10010914;R3;1;Editor Shop;10010914;G2;2;M1;816-455-8733;4;S16;C
10010923;O2;1;Edmark Shop;10010923;G1;1;   ;816-455-8733;5;S1;C
10010935;R2;1;Edna Megaplace;10010935;G2;2;   ;816-455-8733;4;S5;C
10010969;R3;1;Edorex Supermarket;10010969;G2;2;   ;816-455-8733;4;S16;C
10010970;R3;1;EDP Shop;10010970;G2;2;   ;816-455-8733;2;S1;C
10010974;R2;1;EDS Shop;10010974;G2;2;   ;816-455-8733;4;S9;C
10010990;R1;1;Elbit Market;10010990;G2;1;   ;816-455-8733;5;S20;C
10011018;R3;1;Eloi Supermarket;10011018;G2;1;   ;816-455-8733;5;S1;C
10011052;R3;1;Elucidex Shop;10011052;G2;1;   ;816-455-8733;5;S16;C
10011089;R2;1;Embedded Supermarket;10011089;G3;1;   ;816-455-8733;5;S8;C
10011093;R3;1;EMC Shop;10011093;G2;1;M1;816-455-8733;5;S16;C
10011198;R3;1;e-MDs Shop;10011198;G2;2;   ;816-455-8733;3;S1;C
10011286;R4;1;Emergency Shop;10011286;G2;1;   ;816-455-8733;5;S18;C
10011345;R3;1;Emergent Shop;10011345;G2;1;   ;816-455-8733;5;S16;C
10011355;R3;1;Enterprises Shop;10011355;G2;1;   ;816-455-8733;5;S16;C
10011360;R2;1;Equitable Store;10011360;G2;1;   ;816-455-8733;5;S5;C
10011398;R3;1;Ethyl Store;10011398;G2;2;   ;816-455-8733;1;S16;C
10011459;R3;1;F. Supermarket;10011459;G2;2;   ;816-455-8733;2;S1;C
10011499;R3;1;Farmland Supermarket;10011499;G2;1;   ;816-455-8733;5;S14;C
10011521;R2;1;Farr Market;10011521;G2;2;   ;816-455-8733;2;S5;C
10011546;R3;1;Farrell Supermarket;10011546;G2;1;   ;816-455-8733;5;S1;C
10011600;R3;1;FCS Shop;10011600;G2;1;   ;816-455-8733;5;S5;C
10011623;R2;1;Federal Supermarket;10011623;G2;1;   ;816-455-8733;5;S3;C
10011724;O2;1;Federal Supermarket;10011724;G3;1;   ;816-455-8733;0;S1;C
10011732;R3;1;Federated Supermarket;10011732;G2;1;   ;816-455-8733;5;S16;C
10011734;R3;1;Felidae Enterprises;10011734;G2;2;   ;816-455-8733;2;S16;C
10011821;R3;1;FenP Supermarket;10011821;G2;1;   ;816-455-8733;5;S5;C
10011842;R3;1;Fentek Market;10011842;G2;1;   ;816-455-8733;5;S16;C
10011870;O2;1;Fenwick Supermarket;10011870;G2;1;   ;816-455-8733;5;S12;C
10011918;R3;1;Ferrari Shop;10011918;G2;1;   ;816-455-8733;5;S16;I
10011923;R1;1;Ferst Shop;10011923;G2;2;   ;816-455-8733;4;S20;C
10011979;R3;1;FiberPlex Shop;10011979;G1;1;M1;816-455-8733;5;S19;C
10011981;R3;1;FIBERWORKS Shop;10011981;G2;2;   ;816-455-8733;1;S16;C
10011997;R3;1;Fibronics Shop;10011997;G2;2;   ;816-455-8733;3;S16;C
10012023;R3;1;FICOM Shop;10012023;G3;1;   ;816-455-8733;5;S5;C
10012128;R3;1;Fifth Supermarket;10012128;G3;1;   ;816-455-8733;5;S5;C
10012157;R3;1;Fifth Store;10012157;G2;1;   ;816-455-8733;5;S9;C
10012158;R3;1;Filene? Shop;10012158;G2;1;   ;816-455-8733;5;S1;C
10012161;R3;1;Filetron Shop;10012161;G2;1;   ;816-455-8733;5;S1;C
10012226;R3;1;Fills;10012226;G2;2;   ;816-455-8733;4;S13;C
10012234;R3;1;Filmotype Shop;10012234;G2;2;   ;816-455-8733;1;S16;C
10012235;R3;1;Fimetrics Supermarket;10012235;G3;1;   ;816-455-8733;0;S5;C
10012305;R3;1;FIND/SVP Shop;10012305;G2;1;   ;816-455-8733;5;S9;C
10012328;R1;1;Finder Shop;10012328;G2;1;   ;816-455-8733;5;S5;C
10012369;R3;1;Finest Supermarket;10012369;G2;1;   ;816-455-8733;5;S4;C
10012399;R3;1;Finisar Shop;10012399;G2;1;   ;816-455-8733;5;S1;C
10012422;R3;1;Finishing Shop;10012422;G2;2;   ;816-455-8733;2;S16;C
10012425;R1;1;Fins Shop;10012425;G2;2;   ;816-455-8733;4;S4;C
10012514;R2;1;Firehole Shop;10012514;G2;1;   ;816-455-8733;5;S5;C
10012600;R3;1;FireTrans Shop;10012600;G2;1;   ;816-455-8733;5;S4;C
10012715;R3;1;Fokas Midstore;10012715;G2;2;M1;816-455-8733;3;S16;C
10012761;R3;1;G.R. Supermarket;10012761;G1;1;M1;816-455-8733;5;S16;C
10012792;R3;1;Gadzoox Supermarket;10012792;G2;1;   ;816-455-8733;5;S9;C
10012799;R3;1;Gaecom Shop;10012799;G1;1;M1;816-455-8733;5;S19;C
10012851;R3;1;Gailey Market;10012851;G2;1;   ;816-455-8733;5;S1;C
10012885;R3;1;Gainunion Shop;10012885;G2;1;   ;816-455-8733;5;S16;C
10012907;R3;1;Galaxy Store;10012907;G2;1;   ;816-455-8733;5;S16;C
10012927;R3;1;Galaxy Supermarket;10012927;G2;1;   ;816-455-8733;5;S1;C
10013011;R3;1;Gamacles Shop;10013011;G1;1;M1;816-455-8733;5;S19;C
10013039;O2;1;Gamma Supermarket;10013039;G2;1;   ;816-455-8733;5;S12;C
10013052;R3;1;GammaGraphX Store;10013052;G2;1;   ;816-455-8733;5;S16;C
10013061;R3;1;Gammel Group;10013061;G3;1;   ;816-455-8733;5;S5;C
10013079;R3;1;Gandalf Supermarket;10013079;G2;1;   ;816-455-8733;5;S16;C
10013080;R3;1;Ganymede Shop;10013080;G2;1;   ;816-455-8733;5;S16;C
10013127;R3;1;Garbee Supermarket;10013127;G3;1;M1;816-455-8733;5;S5;C
10013137;R2;1;Garlin Supermarket;10013137;G2;1;   ;816-455-8733;5;S9;C
10013188;R3;1;Gartner Supermarket;10013188;G2;2;   ;816-455-8733;2;S16;C
10013232;R3;1;Garza Supermarket;10013232;G2;2;   ;816-455-8733;4;S9;C
10013238;R1;1;Gastown Store;10013238;G2;2;   ;816-455-8733;4;S11;C
10013252;O2;1;Gate Shop;10013252;G2;2;   ;816-455-8733;2;S12;C
10013312;R2;1;Gate9th Shop;10013312;G2;1;   ;816-455-8733;5;S9;C
10013332;R3;1;GateMaster Shop;10013332;G2;1;   ;816-455-8733;5;S16;C
10013341;R2;1;Gatierf Supermarket;10013341;G2;1;   ;816-455-8733;5;S2;C
10013376;R3;1;GCC Store;10013376;G3;1;   ;816-455-8733;5;S5;C
10013397;R3;1;G-Com Supermarket;10013397;G2;1;   ;816-455-8733;5;S9;C
10013426;R3;1;GDC Shop;10013426;G2;1;   ;816-455-8733;5;S1;C
10013467;R3;1;GDSS Shop;10013467;G2;2;   ;816-455-8733;1;S1;C
10013472;R3;1;GE Market;10013472;G2;2;   ;816-455-8733;4;S9;C
10013509;R3;1;Geac Shop;10013509;G2;2;   ;816-455-8733;4;S16;C
10013538;R3;1;GEAR Shop;10013538;G2;1;   ;816-455-8733;5;S16;C
10013572;R3;1;GearSource Shop;10013572;G2;1;   ;816-455-8733;5;S1;C
10013574;R3;1;Gebbie Store;10013574;G2;1;   ;816-455-8733;5;S16;C
10013670;R3;1;Gehlken Supermarket;10013670;G2;1;   ;816-455-8733;5;S1;C
10013765;R3;1;Gemini Supermarket;10013765;G2;2;   ;816-455-8733;4;S16;C
10013870;R3;1;Greymac Trust Company;10013870;G2;1;   ;816-455-8733;5;S1;C
10013871;R2;1;Grove Supermarket;10013871;G2;1;   ;816-455-8733;5;S5;C
10013899;R3;1;Grumman Market;10013899;G2;1;   ;816-455-8733;5;S1;C
10014043;R3;1;Guarantee Supermarket;10014043;G1;1;M1;816-455-8733;5;S18;C
10014047;R2;1;Gulf Market;10014047;G2;2;   ;816-455-8733;1;S4;C
10014059;R2;1;GURUs Shop;10014059;G2;1;   ;816-455-8733;5;S5;C
10014064;R2;1;H.H. Store;10014064;G2;1;   ;816-455-8733;5;S5;C
10014238;R3;1;Harbor Store;10014238;G1;1;M1;816-455-8733;5;S19;C
10014264;R3;1;Harbour Store;10014264;G2;2;   ;816-455-8733;4;S1;C
10014469;O2;1;Harte-Hanks Market;10014469;G2;2;   ;816-455-8733;4;S12;C
10014471;R1;1;Harts Superstore;10014471;G3;1;   ;816-455-8733;0;S2;C
10014495;R3;1;Harvard Supermarket;10014495;G2;2;   ;816-455-8733;1;S16;C
10014533;O2;1;Harvey Shop;10014533;G2;2;   ;816-455-8733;4;S12;C
10014540;R3;1;HarveyOpolis Shop;10014540;G1;1;M1;816-455-8733;5;S16;C
10014546;R3;1;Hauppauge Supermarket;10014546;G2;2;   ;816-455-8733;1;S16;C
10014739;R2;1;Haz-Mat Store;10014739;G2;2;   ;816-455-8733;2;S5;C
10014779;R3;1;HBO Supermarket;10014779;G2;2;   ;816-455-8733;3;S16;C
10014802;R3;1;HBS Shop;10014802;G1;1;M1;816-455-8733;5;S19;C
10014803;R3;1;HCHS Shop;10014803;G2;2;   ;816-455-8733;4;S16;C
10014804;R3;1;HCS Shop;10014804;G2;2;   ;816-455-8733;2;S16;C
10014810;O1;1;Healtheon Shop;10014810;G2;2;   ;816-455-8733;4;S5;C
10015011;R3;1;Hederman Supermarket;10015011;G1;1;M1;816-455-8733;5;S19;C
10015030;R2;1;Hegemony Shop;10015030;G2;2;   ;816-455-8733;1;S5;C
10015253;R3;1;Hekimian Store;10015253;G3;1;   ;816-455-8733;5;S8;C
10015267;R3;1;Helfand Store;10015267;G1;1;M1;816-455-8733;5;S19;C
10015275;R3;1;Helios Shop;10015275;G2;2;   ;816-455-8733;4;S16;C
10015325;R2;1;Helius Shop;10015325;G2;1;   ;816-455-8733;5;S5;C
10015495;R3;1;Hennings;10015495;G2;2;M1;816-455-8733;4;S16;C
10015686;R3;1;Hercules Supermarket;10015686;G2;1;   ;816-455-8733;5;S1;C
10015783;R3;1;Hershey Supermarket;10015783;G2;2;   ;816-455-8733;3;S1;I
10015789;R3;1;hesketh.com Shop;10015789;G1;1;M1;816-455-8733;5;S19;C
10015793;R3;1;Hetrick Supermarket;10015793;G2;2;   ;816-455-8733;1;S16;C
10015824;R2;1;Heurikon Shop;10015824;G2;2;   ;816-455-8733;4;S5;C
10015886;R3;1;Hewlett Supermarket;10015886;G2;1;   ;816-455-8733;5;S1;C
10015956;R3;1;Hidden Market;10015956;G2;1;   ;816-455-8733;5;S9;C
10016045;R3;1;High Supermarket;10016045;G2;2;   ;816-455-8733;4;S16;C
10016047;R3;1;High Store;10016047;G2;2;   ;816-455-8733;2;S16;C
10016113;R2;1;Hill Supermarket;10016113;G2;1;   ;816-455-8733;5;S5;C
10016303;R1;1;HMR Shop;10016303;G2;2;   ;816-455-8733;3;S20;C
10016334;R3;1;Hobart Store;10016334;G2;2;M1;816-455-8733;4;S16;C
10016542;O2;1;Holy Supermarket;10016542;G2;2;   ;816-455-8733;2;S12;C
10016548;R3;1;Home Superstore;10016548;G2;2;   ;816-455-8733;2;S16;C
10016549;R3;1;Home Store;10016549;G2;2;   ;816-455-8733;2;S16;C
10016564;R3;1;Home Market;10016564;G2;2;   ;816-455-8733;4;S16;C
10016588;R3;1;Bounds Megaplace;10016588;G2;2;M1;816-455-8733;2;S16;C
10016609;R1;1;Homestead Market;10016609;G3;1;   ;816-455-8733;0;S21;C
10016780;R3;1;iBEAM Shop;10016780;G1;1;M1;816-455-8733;5;S18;C
10016784;R2;1;IBEX Shop;10016784;G2;2;   ;816-455-8733;4;S5;C
10016807;R3;1;Ibis Shop;10016807;G2;2;M1;816-455-8733;4;S16;C
10016858;R2;1;IBVA Shop;10016858;G2;2;   ;816-455-8733;1;S5;C
10017036;R1;1;Icon Superstore;10017036;G2;2;   ;816-455-8733;4;S11;C
10017054;R3;1;Icon Market;10017054;G2;2;   ;816-455-8733;4;S1;C
10017072;R3;1;Iconation Shop;10017072;G2;2;   ;816-455-8733;4;S9;C
10017290;R3;1;Id Shop;10017290;G1;1;M1;816-455-8733;5;S16;C
10017307;R3;1;Idyll Store;10017307;G3;1;   ;816-455-8733;0;S8;C
10017314;R3;1;Idyllwild Shop;10017314;G2;2;   ;816-455-8733;2;S14;C
10017553;R2;1;iLanguage Shop;10017553;G2;2;   ;816-455-8733;4;S5;C
10017576;R3;1;Illuminati Shop;10017576;G2;2;   ;816-455-8733;2;S16;C
10017585;R3;1;Ilog Shop;10017585;G2;2;   ;816-455-8733;4;S16;C
10017638;R3;1;Kellys Gigastore;10017638;G2;2;   ;816-455-8733;3;S16;C
10017828;R1;1;Lee Megastore;10017828;G2;2;   ;816-455-8733;1;S20;C
10017852;R3;1;J.A. Supermarket;10017852;G1;1;M1;816-455-8733;5;S19;C
10018129;R3;1;J.M. Market;10018129;G1;1;M1;816-455-8733;5;S19;C
10018146;R3;1;J.M. Supermarket;10018146;G3;1;   ;816-455-8733;0;S8;C
10018352;R3;1;Johnson Store;10018352;G3;1;   ;816-455-8733;5;S5;C
10018363;R3;1;Jones Stores;10018363;G1;1;M1;816-455-8733;5;S18;C
10018371;R3;1;Joy Supermarket;10018371;G1;1;M1;816-455-8733;5;S19;C
10018518;O2;1;K Shop;10018518;G2;1;   ;816-455-8733;5;S12;C
10018580;R2;1;K Supermarket;10018580;G2;2;   ;816-455-8733;2;S1;C
10018603;R3;1;K&K Supermarket;10018603;G1;1;M1;816-455-8733;5;S19;C
10018623;R1;1;K&M Supermarket;10018623;G2;2;   ;816-455-8733;2;S5;C
10018628;R2;1;K.C. Supermarket;10018628;G2;2;   ;816-455-8733;1;S5;C
10018644;R3;1;Kabbalah Shop;10018644;G2;2;M1;816-455-8733;4;S16;C
10018665;R3;1;Kaim Supermarket;10018665;G2;2;M1;816-455-8733;3;S16;C
10018867;R3;1;Kari Supermarket;10018867;G2;2;   ;816-455-8733;4;S16;C
10018868;R3;1;Karickal Store;10018868;G1;1;M1;816-455-8733;5;S19;C
10018871;O2;1;Karsings;10018871;G2;2;   ;816-455-8733;4;S12;C
10018877;R3;1;KAT Store;10018877;G1;1;M1;816-455-8733;5;S17;C
10018885;R3;1;Kawneer Market;10018885;G2;2;   ;816-455-8733;1;S1;C
10018890;R3;1;Kazinformcom Shop;10018890;G2;2;   ;816-455-8733;4;S1;C
10018950;O2;1;Kendrick Store;10018950;G2;1;   ;816-455-8733;5;S12;C
10018957;R3;1;Kennecott Supermarket;10018957;G2;1;   ;816-455-8733;5;S1;C
10019066;R3;1;KENROB Megaplace;10019066;G2;1;   ;816-455-8733;5;S1;C
10019105;R3;1;Kensington Market;10019105;G2;2;   ;816-455-8733;3;S1;C
10019109;O2;1;KentISP Shop;10019109;G2;2;   ;816-455-8733;1;S12;C
10019150;O2;1;Kentucky Supermarket;10019150;G2;2;   ;816-455-8733;2;S12;C
10019194;R3;1;Kerite Company;10019194;G2;1;   ;816-455-8733;5;S14;C
10019388;R3;1;KeyComm Shop;10019388;G2;2;   ;816-455-8733;1;S1;C
10019400;R3;1;Keystar Superstore;10019400;G2;2;   ;816-455-8733;4;S1;C
10019410;R1;1;Keystone Store;10019410;G3;1;   ;816-455-8733;0;S2;C
10019420;R3;1;Keystroke Market;10019420;G1;1;M1;816-455-8733;5;S19;C
10019469;R3;1;kGS Shop;10019469;G2;1;   ;816-455-8733;5;S1;C
10019502;R3;1;KillerGraffix Shop;10019502;G2;1;   ;816-455-8733;5;S1;C
10019512;R3;1;Kim Market;10019512;G2;1;   ;816-455-8733;5;S16;C
10019514;R2;1;Kimball Supermarket;10019514;G2;1;   ;816-455-8733;5;S4;C
10019617;R3;1;Kool-Seal Shop;10019617;G2;2;   ;816-455-8733;2;S1;C
10019664;R1;1;Koppers Supermarket;10019664;G2;2;   ;816-455-8733;4;S20;C
10019665;R3;1;Labatt Supermarket;10019665;G2;2;M1;816-455-8733;4;S16;C
10019678;R3;1;Laker Market;10019678;G2;2;   ;816-455-8733;1;S16;C
10019682;R3;1;Lamson Store;10019682;G2;2;   ;816-455-8733;4;S3;C
10019783;R3;1;Levi Supermarket;10019783;G1;1;M1;816-455-8733;5;S18;C
10019812;R2;1;Lewis Supermarket;10019812;G2;1;   ;816-455-8733;5;S5;C
10019879;R3;1;Litton Shop;10019879;G2;2;   ;816-455-8733;2;S1;C
10019880;O2;1;Litton Supermarket;10019880;G2;2;   ;816-455-8733;3;S12;C
10019897;R3;1;Livermore Store;10019897;G2;2;   ;816-455-8733;2;S16;C
10019900;R3;1;LiveWire Supermarket;10019900;G2;2;   ;816-455-8733;1;S16;C
10019909;R2;1;LiveWORLD Shop;10019909;G2;2;   ;816-455-8733;4;S5;C
10019913;R3;1;Livezone Supermarket;10019913;G3;1;   ;816-455-8733;0;S17;C
10019942;R3;1;LMAO superplace;10019942;G2;2;   ;816-455-8733;4;S16;C
10019952;O2;1;Lobster Market;10019952;G2;1;   ;816-455-8733;5;S12;C
10020080;O2;1;Lucky Shop;10020080;G2;1;   ;816-455-8733;5;S12;C
10020171;R3;1;Lynn-Arthur Store;10020171;G2;2;   ;816-455-8733;3;S1;C
10020181;R3;1;Markets;10020181;G1;1;M1;816-455-8733;5;S19;C
10020184;O2;1;Matradi Megastore;10020184;G2;2;   ;816-455-8733;2;S12;C
10020192;R3;1;MATRIX Shop;10020192;G2;2;   ;816-455-8733;1;S16;C
10020193;R2;1;Maui Store;10020193;G2;1;   ;816-455-8733;5;S5;C
10020227;R3;1;MaxBan Shop;10020227;G2;1;   ;816-455-8733;5;S16;C
10020239;O2;1;MaXpeed Shop;10020239;G2;1;   ;816-455-8733;5;S12;C
10020247;R2;1;MAXSTRAT Shop;10020247;G2;1;   ;816-455-8733;5;S5;C
10020256;O2;1;Maxtor Shop;10020256;G2;1;   ;816-455-8733;5;S12;C
10020266;O2;1;Maxwell Supermarket;10020266;G2;1;   ;816-455-8733;5;S12;C
10020281;R3;1;Mb Market;10020281;G1;1;M1;816-455-8733;5;S16;C
10020306;R3;1;McGraw-Hill Supermarket;10020306;G2;1;   ;816-455-8733;5;S16;C
10020323;R3;1;Mead Supermarket;10020323;G1;1;M1;816-455-8733;5;S16;C
10020332;R3;1;Medics Shop;10020332;G2;1;   ;816-455-8733;5;S16;C
10020340;R3;1;Melville Supermarket;10020340;G2;1;   ;816-455-8733;5;S4;C
10020364;R3;1;Mersey Market;10020364;G2;1;   ;816-455-8733;5;S16;C
10020388;R3;1;Metro-Goldwyn-Mayer, Supermarket;10020388;G2;2;   ;816-455-8733;3;S1;C
10020390;R3;1;Miles Supermarket;10020390;G2;2;   ;816-455-8733;4;S1;C
10020393;R3;1;Minneapolis Supermarket;10020393;G2;2;   ;816-455-8733;1;S1;C
10020413;R3;1;Molson Store;10020413;G2;2;   ;816-455-8733;2;S1;C
10020445;R3;1;N.Graphics Shop;10020445;G2;2;   ;816-455-8733;4;S16;C
10020446;R2;1;NACSCORP Shop;10020446;G2;2;   ;816-455-8733;4;S5;C
10020448;R3;1;Nanao Shop;10020448;G3;1;   ;816-455-8733;0;S5;C
10020449;R3;1;Nancy Supermarket;10020449;G1;1;M1;816-455-8733;5;S16;C
10020491;R3;1;Nbase Shop;10020491;G1;1;M1;816-455-8733;5;S16;C
10020492;R3;1;NBTel Shop;10020492;G2;1;   ;816-455-8733;5;S16;C
10020515;R3;1;NBX Stores;10020515;G2;1;   ;816-455-8733;5;S1;C
10020639;R2;1;NECX Market;10020639;G2;2;   ;816-455-8733;2;S5;C
10020647;R3;1;Neeka Shop;10020647;G2;2;   ;816-455-8733;3;S1;C
10020662;R3;1;Nematron Shop;10020662;G1;1;M1;816-455-8733;5;S19;C
10020663;R3;1;Neos Gigaplace;10020663;G2;2;   ;816-455-8733;1;S16;C
10020672;R3;1;Oki Shop;10020672;G1;1;M1;816-455-8733;5;S19;C
10020684;R3;1;Oklahoma Supermarket;10020684;G2;2;   ;816-455-8733;2;S1;C
10020715;O2;1;Old Store;10020715;G1;1;   ;816-455-8733;5;S1;C
10020849;R3;1;OnDeck Store;10020849;G2;1;   ;816-455-8733;5;S1;C
10020864;R2;1;One Store;10020864;G2;1;   ;816-455-8733;5;S1;C
10020868;R3;1;One Market;10020868;G2;1;   ;816-455-8733;5;S1;C
10020907;R3;1;Onebox Shop;10020907;G1;1;   ;816-455-8733;5;S16;C
10020909;O1;1;Onestar Shop;10020909;G2;2;   ;816-455-8733;4;S5;C
10020914;R3;1;Onetouch Supermarket;10020914;G2;2;   ;816-455-8733;2;S16;C
10020915;R3;1;Ottercom Shop;10020915;G2;2;   ;816-455-8733;4;S16;C
10020927;R3;1;Outbreak Shop;10020927;G2;2;   ;816-455-8733;4;S16;C
10020931;R2;1;OutPost Market;10020931;G2;2;   ;816-455-8733;1;S5;C
10020962;R2;1;Output Supermarket;10020962;G2;2;   ;816-455-8733;3;S5;C
10020982;R3;1;Outsource Store;10020982;G2;1;   ;816-455-8733;5;S1;C
10021006;R3;1;Overdreams Shop;10021006;G2;1;   ;816-455-8733;5;S1;C
10021015;R3;1;Owl's Supermarket;10021015;G2;1;   ;816-455-8733;5;S1;C
10021107;R3;1;P.C.G. Supermarket;10021107;G2;1;   ;816-455-8733;5;S1;C
10021111;R3;1;P.C'S Shop;10021111;G3;1;   ;816-455-8733;5;S5;C
10021139;R3;1;Pace Shop;10021139;G3;2;   ;816-455-8733;4;S5;C
10021145;R2;1;Pacel Shop;10021145;G2;2;   ;816-455-8733;2;S5;C
10021158;R3;1;Pacific Supermarket;10021158;G3;1;   ;816-455-8733;0;S17;C
10021160;R3;1;Pacific Gigaplace;10021160;G1;1;M1;816-455-8733;5;S19;C
10021175;R3;1;Pacific Supermarket;10021175;G2;2;   ;816-455-8733;2;S16;C
10021179;R3;1;Pacific Store;10021179;G2;2;   ;816-455-8733;1;S4;C
10021184;R3;1;Pacific Supermarket;10021184;G2;2;   ;816-455-8733;1;S16;C
10021185;R2;1;Pacific Supermarket;10021185;G2;2;   ;816-455-8733;1;S3;C
10021203;O2;1;Pacific Market;10021203;G2;2;   ;816-455-8733;1;S12;C
10021204;R1;1;Pacific Store;10021204;G3;1;   ;816-455-8733;0;S4;C
10021222;R3;1;Pacifico's;10021222;G2;2;   ;816-455-8733;1;S16;C
10021223;O2;1;PacificServ Shop;10021223;G2;2;   ;816-455-8733;4;S12;C
10021231;R2;1;Packard Supermarket;10021231;G2;2;   ;816-455-8733;4;S9;C
10021232;R3;1;Packet Design;10021232;G2;1;   ;816-455-8733;5;S1;C
10021239;R3;1;PADL Shop;10021239;G2;1;   ;816-455-8733;5;S1;C
10021240;R3;1;PAGE Shop;10021240;G2;1;   ;816-455-8733;5;S1;C
10021242;R3;1;Page Store;10021242;G3;1;   ;816-455-8733;5;S17;C
10021270;R3;1;Page Market;10021270;G2;1;   ;816-455-8733;5;S16;C
10021283;R3;1;PageBoy Shop;10021283;G2;1;   ;816-455-8733;5;S1;C
10021286;R3;1;PagePoint Shop;10021286;G2;1;   ;816-455-8733;5;S1;C
10021297;R3;1;PageSites Shop;10021297;G2;1;   ;816-455-8733;5;S1;C
10021300;R2;1;PageWave Megastore;10021300;G2;1;   ;816-455-8733;5;S9;C
10021302;R2;1;PageWeavers Shop;10021302;G2;1;   ;816-455-8733;5;S5;C
10021305;R3;1;Pallister Supermarket;10021305;G2;1;   ;816-455-8733;5;S1;C
10021331;R2;1;Palo Supermarket;10021331;G2;1;   ;816-455-8733;5;S5;C
10021350;R3;1;Panasonic Shop;10021350;G2;1;   ;816-455-8733;5;S1;C
10021380;R3;1;Pangaea Store;10021380;G2;1;   ;816-455-8733;5;S9;C
10021411;R3;1;Panix Shop;10021411;G2;1;   ;816-455-8733;5;S4;C
10021412;R4;1;Panngea Shop;10021412;G2;2;   ;816-455-8733;1;S18;C
10021415;R3;1;Pantech Supermarket;10021415;G2;2;   ;816-455-8733;4;S1;C
10021418;R3;1;Panzl Shop;10021418;G2;2;   ;816-455-8733;1;S1;C
10021422;R1;1;PAP Supermarket;10021422;G2;2;   ;816-455-8733;1;S4;C
10021458;R3;1;Paperless Store;10021458;G2;2;   ;816-455-8733;1;S1;C
10021459;O2;1;Papyrus Shop;10021459;G2;2;   ;816-455-8733;2;S12;C
10021470;R3;1;Papyrus Supermarket;10021470;G2;2;   ;816-455-8733;3;S16;C
10021472;R3;1;Parabole Shop;10021472;G3;1;   ;816-455-8733;0;S5;C
10021485;R1;1;Paracel Gigaplace;10021485;G2;2;   ;816-455-8733;4;S22;C
10021494;R3;1;Paraclipse Shop;10021494;G2;1;   ;816-455-8733;5;S1;C
10021575;R3;1;Parian Market;10021575;G2;1;   ;816-455-8733;5;S1;C
10021641;R3;1;Password Supermarket;10021641;G2;1;   ;816-455-8733;5;S4;C
10021668;R3;1;Pathlight Market;10021668;G2;2;   ;816-455-8733;4;S1;C
10021673;R3;1;Patient Shop;10021673;G2;2;   ;816-455-8733;4;S1;C
10021677;R3;1;Patrick Market;10021677;G1;1;M1;816-455-8733;5;S19;C
10021736;R3;1;Patton Store;10021736;G1;1;M1;816-455-8733;5;S19;C
10021750;R3;1;Paul Store;10021750;G2;1;   ;816-455-8733;5;S16;I
10021794;R1;1;PayMaxx Shop;10021794;G2;1;   ;816-455-8733;5;S4;C
10021800;R3;1;Payton Supermarket;10021800;G2;1;   ;816-455-8733;5;S16;C
10021802;R3;1;Pick Store;10021802;G1;1;M1;816-455-8733;5;S16;C
10021804;R3;1;Picka Superstore;10021804;G2;1;   ;816-455-8733;5;S1;C
10021911;R3;1;PING Shop;10021911;G1;2;M1;816-455-8733;2;S19;C
10021911;R3;1;Ping Shop;10021911;G2;2;M1;816-455-8733;2;S16;C
10021936;R3;1;Pink Supermarket;10021936;G2;2;   ;816-455-8733;2;S16;C
10021962;R3;1;Pinnacle Shop;10021962;G2;2;   ;816-455-8733;3;S14;C
10021977;R3;1;Pinnacle Store;10021977;G2;2;M1;816-455-8733;4;S16;C
10021986;R2;1;Pinnacle Supermarket;10021986;G2;2;   ;816-455-8733;4;S5;C
10021996;R3;1;Pinnacle Supermarket;10021996;G2;2;M1;816-455-8733;3;S16;C
10022166;R3;1;QualityLogic Shop;10022166;G2;1;   ;816-455-8733;5;S11;I
10022167;R3;1;Quallaby Megaplace;10022167;G1;1;M1;816-455-8733;5;S16;C
10022168;R1;1;QualServe Shop;10022168;G2;2;   ;816-455-8733;4;S11;C
10022183;R3;1;Quantex Supermarket;10022183;G2;2;   ;816-455-8733;1;S1;C
10022201;R3;1;Quantum Shop;10022201;G1;1;M1;816-455-8733;5;S16;C
10022240;R3;1;Quantum Supermarket;10022240;G3;1;   ;816-455-8733;0;S5;C
10022249;R3;1;Quantum Supermarket;10022249;G2;2;   ;816-455-8733;2;S16;C
10022252;R3;1;Quantum Supermarket;10022252;G2;2;   ;816-455-8733;4;S9;C
10022423;R2;1;Qwest Shop;10022423;G2;2;   ;816-455-8733;4;S5;C
10022431;R2;1;R&J Shop;10022431;G2;2;   ;816-455-8733;3;S11;C
10022434;R3;1;R&R Store;10022434;G2;2;   ;816-455-8733;1;S4;C
10022444;O2;1;R.J. Market;10022444;G2;2;   ;816-455-8733;4;S12;C
10022450;R3;1;R2J2 Shop;10022450;G2;2;M1;816-455-8733;4;S16;C
10022456;R3;1;Ra Maxistore;10022456;G2;2;   ;816-455-8733;1;S16;C
10022470;R3;1;Racal Store;10022470;G2;2;   ;816-455-8733;2;S5;C
10022490;R3;1;Racal-Datacom Shop;10022490;G2;2;M1;816-455-8733;4;S16;C
10022678;R3;1;Rave Supermarket;10022678;G2;2;   ;816-455-8733;3;S16;C
10022687;R3;1;Ravenwerks Shop;10022687;G3;1;   ;816-455-8733;0;S5;C
10022725;R3;1;Razorfish Shop;10022725;G2;2;   ;816-455-8733;2;S16;C
10022730;R2;1;RC Shop;10022730;G2;2;   ;816-455-8733;4;S9;C
10022732;R2;1;RC Market;10022732;G2;2;   ;816-455-8733;2;S5;C
10022746;R3;1;Rdlabs Shop;10022746;G1;1;M1;816-455-8733;5;S19;C
10022750;R3;1;Ready-to-Run Shop;10022750;G2;2;M1;816-455-8733;4;S16;C
10022755;R3;1;Real Supermarket;10022755;G1;1;M1;816-455-8733;5;S19;C
10022764;R3;1;RealiDyne Shop;10022764;G2;2;   ;816-455-8733;2;S5;C
10022962;R3;1;Reflex Store;10022962;G1;1;M1;816-455-8733;5;S19;C
10022978;R3;1;Relcom Shop;10022978;G2;1;   ;816-455-8733;5;S16;I
10023003;R3;1;Remedy Shop;10023003;G2;2;M1;816-455-8733;4;S16;C
10023022;R2;1;Renaissance Supermarket;10023022;G3;1;   ;816-455-8733;0;S8;C
10023023;R1;1;Crew Superstore;10023023;G2;2;   ;816-455-8733;4;S20;C
10023212;R3;1;Reuters Supermarket;10023212;G2;2;   ;816-455-8733;1;S1;C
10023221;R3;1;Reveal Supermarket;10023221;G2;2;M1;816-455-8733;4;S16;C
10023235;R2;1;ReviewBooth Shop;10023235;G2;2;   ;816-455-8733;2;S3;C
10023241;R1;1;Revnet Market;10023241;G2;2;   ;816-455-8733;2;S11;C
10023244;R2;1;Revolutionary Supermarket;10023244;G2;2;   ;816-455-8733;2;S5;C
10023275;R3;1;RFI Superstore;10023275;G2;2;   ;816-455-8733;1;S3;C
10023447;R3;1;RKS Shop;10023447;G2;2;M1;816-455-8733;2;S16;C
10023471;R3;1;Road Warriors;10023471;G2;2;   ;816-455-8733;2;S16;C
10023489;R3;1;Robust Store;10023489;G2;2;   ;816-455-8733;1;S16;C
10023495;R3;1;Safe Shop;10023495;G1;1;M1;816-455-8733;5;S19;C
10023509;R3;1;Safetynet Shop;10023509;G2;2;   ;816-455-8733;2;S1;C
10023510;R3;1;Sage Shop;10023510;G2;2;   ;816-455-8733;4;S1;C
10023511;R1;1;Sage Supermarket;10023511;G1;1;   ;816-455-8733;5;S13;C
10023513;R3;1;Sagent Shop;10023513;G2;2;   ;816-455-8733;1;S16;C
10023516;R3;1;SAIC Supermarket;10023516;G2;2;   ;816-455-8733;2;S16;C
10023524;R3;1;Salias Gigaplace;10023524;G2;2;   ;816-455-8733;2;S16;C
10023538;R1;1;Salamander Supermarket;10023538;G2;2;   ;816-455-8733;2;S11;C
10023703;R3;1;Sarcom Shop;10023703;G1;1;M1;816-455-8733;5;S19;C
10023715;R3;1;Diss Gigastore;10023715;G2;2;M1;816-455-8733;4;S16;C
10023757;R3;1;SAS Supermarket;10023757;G1;1;   ;816-455-8733;5;S19;C
10023759;R3;1;SASCO Store;10023759;G2;2;   ;816-455-8733;2;S1;C
10023760;R3;1;SataMine Shop;10023760;G2;2;   ;816-455-8733;3;S1;C
10023778;R3;1;Satronix Shop;10023778;G2;2;   ;816-455-8733;1;S16;C
10023780;R3;1;SAT-SAGEM Supermarket;10023780;G1;1;M1;816-455-8733;5;S16;C
10023783;R3;1;Saturnus Supermarket;10023783;G2;2;   ;816-455-8733;2;S16;C
10023785;R2;1;Satyam Shop;10023785;G2;2;   ;816-455-8733;4;S5;C
10023793;R2;1;Savetz Store;10023793;G2;2;   ;816-455-8733;2;S2;C
10023964;R3;1;Science Store;10023964;G3;1;   ;816-455-8733;5;S5;C
10024003;R2;1;Scientific Supermarket;10024003;G2;2;   ;816-455-8733;1;S3;C
10024006;R3;1;ScotGold Market;10024006;G2;2;M1;816-455-8733;4;S16;C
10024009;R2;1;Scottish Supermarket;10024009;G2;2;   ;816-455-8733;2;S2;C
10024010;R2;1;Screaming Market;10024010;G2;2;   ;816-455-8733;4;S3;C
10024016;R3;1;Screen Supermarket;10024016;G1;1;M1;816-455-8733;5;S19;C
10024022;R1;1;Screen Supermarket;10024022;G2;2;   ;816-455-8733;1;S20;C
10024034;R3;1;Script Supermarket;10024034;G3;1;   ;816-455-8733;0;S5;C
10024246;R3;1;Siemens Supermarket;10024246;G2;2;   ;816-455-8733;3;S16;C
10024248;R3;1;Sifton Supermarket;10024248;G2;2;M1;816-455-8733;1;S16;C
10024255;O2;1;Sigma Shop;10024255;G2;2;   ;816-455-8733;4;S12;C
10024260;R3;1;Sigma Supermarket;10024260;G2;2;   ;816-455-8733;1;S16;C
10024262;R3;1;Signature Shop;10024262;G2;2;   ;816-455-8733;1;S16;C
10024270;R3;1;Signatures Superstore;10024270;G2;2;   ;816-455-8733;1;S4;C
10024477;R3;1;Smith Supermarket;10024477;G1;1;M1;816-455-8733;5;S16;C
10024492;R3;1;SNC Supermarket;10024492;G2;2;   ;816-455-8733;3;S1;C
10024499;R3;1;Soloman Market;10024499;G2;2;   ;816-455-8733;2;S16;C
10024524;R2;1;Southam Supermarket;10024524;G2;2;   ;816-455-8733;4;S9;C
10024541;R3;1;Southern Supermarket;10024541;G2;2;   ;816-455-8733;4;S9;C
10024550;R2;1;Southwire Store;10024550;G2;2;   ;816-455-8733;4;S9;C
10024704;R3;1;Sterling Store;10024704;G2;1;   ;816-455-8733;5;S1;C
10024725;R3;1;Stone Market;10024725;G2;2;   ;816-455-8733;2;S16;C
10024743;R3;1;Stone Supermarket;10024743;G2;2;   ;816-455-8733;1;S1;C
10024880;R3;1;Sun Supermarket;10024880;G3;1;   ;816-455-8733;5;S8;C
10024915;R3;1;Systems Store;10024915;G1;1;M1;816-455-8733;5;S16;C
10024916;R3;1;T Market;10024916;G2;1;   ;816-455-8733;5;S9;C
10024918;R2;1;T.F.C. Shop;10024918;G2;1;   ;816-455-8733;5;S5;C
10024919;R1;1;T.J.T. Supermarket;10024919;G1;1;   ;816-455-8733;5;S13;C
10024924;R3;1;T.M. Store;10024924;G1;1;M1;816-455-8733;5;S16;C
10024930;R3;1;T3West Shop;10024930;G3;1;   ;816-455-8733;5;S8;C
10024940;R2;1;Tadpole Shop;10024940;G2;1;   ;816-455-8733;5;S5;C
10024942;R3;1;Tag Supermarket;10024942;G2;1;   ;816-455-8733;5;S1;C
10024999;R2;1;TAGnology Shop;10024999;G2;2;   ;816-455-8733;4;S5;C
10025021;R3;1;Tailwind Shop;10025021;G2;2;   ;816-455-8733;4;S16;C
10025022;R3;1;Take Supermarket;10025022;G1;1;M1;816-455-8733;5;S19;C
10025023;R3;1;TAL Store;10025023;G3;1;   ;816-455-8733;0;S5;C
10025024;O2;1;Talarians;10025024;G2;1;   ;816-455-8733;5;S12;C
10025025;R3;1;Taligent Midstore;10025025;G2;2;M1;816-455-8733;1;S16;C
10025032;R3;1;Talkland Shop;10025032;G1;1;M1;816-455-8733;0;S19;C
10025033;R3;1;Tally Store;10025033;G2;2;   ;816-455-8733;1;S16;C
10025034;R3;1;Talou Shop;10025034;G2;2;   ;816-455-8733;1;S4;C
10025036;R3;1;Tampa Market;10025036;G2;2;   ;816-455-8733;4;S9;C
10025037;R2;1;Tampere Shop;10025037;G2;2;   ;816-455-8733;1;S4;C
10025038;R2;1;Tanager Shop;10025038;G2;2;   ;816-455-8733;3;S11;C
10025039;R1;1;Tandy Superstore;10025039;G2;2;   ;816-455-8733;4;S11;C
10025040;R3;1;Tangent Shop;10025040;G2;2;   ;816-455-8733;2;S1;C
10025049;R3;1;Tao Store;10025049;G2;2;   ;816-455-8733;1;S16;C
10025051;R3;1;Taos Supermarket;10025051;G2;2;   ;816-455-8733;1;S16;C
10025052;O2;1;Target Gigstore;10025052;G1;1;   ;816-455-8733;5;S1;C
10025061;R3;1;Target Store;10025061;G2;2;   ;816-455-8733;4;S9;C
10025062;R3;1;TargetedListings Shop;10025062;G2;2;   ;816-455-8733;3;S1;C
10025063;R3;1;Taroch Mexistore;10025063;G1;1;M1;816-455-8733;5;S19;C
10025086;O2;1;Tartanchase Shop;10025086;G1;1;   ;816-455-8733;5;S1;C
10025158;R3;1;Taskers Supermarket;10025158;G1;1;M1;816-455-8733;5;S19;C
10025213;R2;1;Tatters Shop;10025213;G2;1;   ;816-455-8733;5;S5;C
10025237;O2;1;Team Supermarket;10025237;G3;1;   ;816-455-8733;0;S1;C
10025238;R3;1;Team Supermarket;10025238;G2;2;   ;816-455-8733;1;S4;C
10025239;R3;1;Teamaker Shop;10025239;G2;1;   ;816-455-8733;5;S16;C
10025241;R1;1;TeamStore;10025241;G1;1;   ;816-455-8733;5;S5;C
10025242;O2;1;Teamsolve Shop;10025242;G1;1;   ;816-455-8733;5;S1;C
10025243;R3;1;Teca-Print Shop;10025243;G2;2;   ;816-455-8733;2;S16;C
10025246;R3;1;TECC Shop;10025246;G3;1;   ;816-455-8733;0;S5;C
10025247;R2;1;Telesat Supermarket;10025247;G2;2;   ;816-455-8733;3;S5;C
10025248;R3;1;Telus Store;10025248;G2;2;   ;816-455-8733;1;S16;C
10025249;R1;1;Texasgulf Market;10025249;G2;2;   ;816-455-8733;2;S11;C
10025250;R2;1;TICOR Shop;10025250;G2;2;   ;816-455-8733;2;S5;C
10025251;R2;1;Time Supermarket;10025251;G2;2;   ;816-455-8733;4;S5;C
10025252;R3;1;Times Store;10025252;G2;2;   ;816-455-8733;4;S16;C
10025264;R3;1;Today Shop;10025264;G2;2;   ;816-455-8733;1;S16;C
10025267;R3;1;Todd Supermarket;10025267;G3;1;   ;816-455-8733;5;S5;C
10025269;R3;1;Toledo Market;10025269;G2;2;M1;816-455-8733;4;S16;C
10025284;R3;1;Towmotor Supermarket;10025284;G2;2;   ;816-455-8733;1;S16;C
10025285;R3;1;Transalta Store;10025285;G2;2;   ;816-455-8733;2;S16;C
10025287;R2;1;TransCanada Store;10025287;G2;2;   ;816-455-8733;4;S5;C
10025288;R3;1;Transylvania Supermarket;10025288;G1;1;M1;816-455-8733;5;S19;C
10025289;R3;1;Tredegar Market;10025289;G2;2;   ;816-455-8733;1;S4;C
10025291;R3;1;Trend Market;10025291;G2;2;   ;816-455-8733;4;S16;C
10025296;R3;1;Trust Supermarket;10025296;G2;2;   ;816-455-8733;4;S1;C
10025298;R3;1;U. Supermarket;10025298;G3;1;   ;816-455-8733;0;S17;C
10025299;R3;1;U.S. Market;10025299;G3;1;M1;816-455-8733;0;S5;C
10025300;R3;1;U.S. Market;10025300;G2;2;   ;816-455-8733;3;S1;C
10025302;R3;1;U.S. Market;10025302;G2;2;   ;816-455-8733;2;S1;C
10025304;R3;1;UBF Shop;10025304;G2;1;   ;816-455-8733;5;S16;C
10025305;R3;1;Ubicco Shop;10025305;G2;2;   ;816-455-8733;1;S16;C
10025353;R2;1;Total Store;10025353;G2;1;   ;816-455-8733;5;S5;I
10025359;R4;1;UKnames.net Shop;10025359;G2;1;   ;816-455-8733;5;S18;C
10025392;R3;1;Ultimate Supermarket;10025392;G2;1;   ;816-455-8733;5;S16;C
10025418;R2;1;Ultra-Image Shop;10025418;G2;1;   ;816-455-8733;5;S3;C
10025467;R3;1;Underwriters Supermarket;10025467;G2;1;   ;816-455-8733;5;S1;C
10025495;R3;1;UniForum Shop;10025495;G2;2;   ;816-455-8733;2;S5;C
10025508;R3;1;Unimedya Shop;10025508;G3;1;   ;816-455-8733;0;S5;C
10025511;R3;1;Uniplex Shop;10025511;G2;2;   ;816-455-8733;1;S1;C
10025515;R1;1;UniPress Shop;10025515;G2;2;   ;816-455-8733;2;S20;C
10025549;R2;1;UNIS Supermarket;10025549;G2;2;   ;816-455-8733;3;S5;C
10025552;R3;1;Unison Medistore;10025552;G2;2;   ;816-455-8733;4;S13;C
10025558;R3;1;Unisys Shop;10025558;G2;2;   ;816-455-8733;2;S1;C
10025560;R3;1;Unisys Supermarket;10025560;G2;2;M1;816-455-8733;2;S16;C
10025571;R3;1;Unitec Maxistore;10025571;G2;2;   ;816-455-8733;4;S9;C
10025575;R3;1;United Market;10025575;G3;1;   ;816-455-8733;0;S5;C
10025583;R2;1;United Market;10025583;G2;2;   ;816-455-8733;3;S5;C
10025587;R2;1;United Store;10025587;G2;2;   ;816-455-8733;1;S4;C
10025608;R3;1;Universal Supermarket;10025608;G3;1;   ;816-455-8733;5;S8;C
10025737;R3;1;Userland Maxistore;10025737;G2;1;   ;816-455-8733;5;S16;C
10025758;R3;1;UTStarGate Shop;10025758;G2;2;   ;816-455-8733;2;S16;C
10025769;R3;1;UUmail Shop;10025769;G2;2;   ;816-455-8733;1;S1;C
10025771;R3;1;VA Supermarket;10025771;G2;2;   ;816-455-8733;3;S1;C
10025778;R3;1;Valicert Midstore;10025778;G2;2;   ;816-455-8733;1;S16;C
10025791;R3;1;Valley Market;10025791;G2;2;M1;816-455-8733;1;S16;C
10025808;R3;1;Valley Store;10025808;G2;2;   ;816-455-8733;1;S1;C
10025814;R3;1;Valpatken Shop;10025814;G2;2;   ;816-455-8733;2;S1;C
10025878;R3;1;ValueClick Shop;10025878;G1;1;M1;816-455-8733;5;S19;C
10025919;R3;1;Vanstars;10025919;G2;2;M1;816-455-8733;1;S16;C
10026006;R3;1;Vector USA;10026006;G3;1;   ;816-455-8733;0;S5;C
10026009;R3;1;Vectrix Shop;10026009;G1;1;M1;816-455-8733;5;S18;C
10026023;R3;1;VEI Shop;10026023;G2;1;   ;816-455-8733;5;S15;C
10026038;R3;1;Velos Supermarket;10026038;G1;1;M1;816-455-8733;5;S19;C
10026055;R3;1;Dellovade, Supermarket;10026055;G2;2;   ;816-455-8733;4;S16;C
10026062;R2;1;Venable Shop;10026062;G2;2;   ;816-455-8733;2;S5;C
10026078;R3;1;Venred Shop;10026078;G2;2;   ;816-455-8733;4;S16;C
10026081;O2;1;Ventana Maxistore;10026081;G1;1;   ;816-455-8733;5;S1;C
10026268;R2;1;WarRoom Store;10026268;G3;1;   ;816-455-8733;0;S8;C
10026291;R3;1;Warsun Supermarket;10026291;G2;2;   ;816-455-8733;4;S16;C
10026294;R3;1;Wasabi Shop;10026294;G1;1;M1;816-455-8733;5;S19;C
10026299;R3;1;Watcom Maxistore;10026299;G2;2;   ;816-455-8733;2;S16;C
10026334;R3;1;Wayne's Market;10026334;G2;1;   ;816-455-8733;5;S16;C
10026336;R3;1;WBM Store;10026336;G2;2;   ;816-455-8733;2;S16;C
10026348;O1;1;WDND Shop;10026348;G2;2;   ;816-455-8733;2;S5;C
10026355;R3;1;We Market;10026355;G2;2;   ;816-455-8733;1;S3;C
10026365;R3;1;Whites;10026365;G2;1;   ;816-455-8733;5;S16;C
10026438;R3;1;PLAINFIELD Market;10026438;G1;1;M1;816-455-8733;5;S19;C
10026521;R3;1;Xcert Shop;10026521;G1;1;M1;816-455-8733;5;S20;C
10026522;R3;1;XCOM Shop;10026522;G2;2;   ;816-455-8733;4;S16;C
10026532;R2;1;Xediom Shop;10026532;G2;2;   ;816-455-8733;4;S5;C
10026536;R3;1;Xenet Shop;10026536;G2;2;   ;816-455-8733;2;S1;C
10026560;O2;1;Xentec Shop;10026560;G2;2;   ;816-455-8733;4;S12;C
10026581;R3;1;Xetron Shop;10026581;G2;2;   ;816-455-8733;2;S16;C
10026606;O2;1;Xilinix Midstore;10026606;G2;2;   ;816-455-8733;4;S12;C
10026839;R3;1;Xtreme Shop;10026839;G2;2;M1;816-455-8733;2;S16;C
10026843;R3;1;XVT Shop;10026843;G2;2;   ;816-455-8733;1;S1;C
10026861;R3;1;Xyplex Shop;10026861;G2;2;   ;816-455-8733;1;S16;C
10026868;R3;1;Xyratex Shop;10026868;G1;1;M1;816-455-8733;5;S16;C
10027050;R3;1;Your Market;10027050;G2;2;   ;816-455-8733;4;S9;C
10027053;R3;1;YourFuture Shop;10027053;G2;2;   ;816-455-8733;4;S9;C
10027082;R3;1;ySecret Shop;10027082;G3;1;   ;816-455-8733;0;S5;C
10027119;R3;1;Yurie Market;10027119;G2;1;   ;816-455-8733;5;S16;C
10027340;R3;1;Zentrum Market;10027340;G2;2;   ;816-455-8733;3;S16;C
10027348;R2;1;Zephyr Shop;10027348;G2;2;   ;816-455-8733;2;S5;I
10027356;R3;1;Zero Market;10027356;G2;2;   ;816-455-8733;4;S1;C
10027370;R3;1;Zeroo Gigastore;10027370;G1;1;M1;816-455-8733;5;S19;C
10027381;R3;1;Zero-Knowledge Supermarket;10027381;G2;2;   ;816-455-8733;1;S16;C
10027560;R2;1;Zilog Shop;10027560;G2;2;   ;816-455-8733;2;S1;C
10027572;R3;1;ZipLip.Com Shop;10027572;G2;2;   ;816-455-8733;3;S1;C
10027575;R3;1;Zitel Shop;10027575;G2;2;   ;816-455-8733;2;S1;C
10027583;R2;1;zNET Shop;10027583;G2;2;   ;816-455-8733;4;S5;C
10027629;O2;1;Zocalo Shop;10027629;G2;2;   ;816-455-8733;4;S12;C
