DW_LOCALIDADE;address_number;city;state;country
1a3aa5292278001ee66721bd57302eba2913fcfd20e6d4278c1f5b558e8a6ed0;10020492;Não Informado;Não Informado;Não Informado
48520c56d3573bd0fed4d9e55c246787b8d7cbdb999572138be61e684a2bc617;10023489;Sacramento;CA;US
549bf363913c072ee3f657752f3b5d9e50dfd827a9e32c37e5f4dce834de9c8d;10000455;Huntington Beach;CA;US
2a929c31b1e47fb6bb84c6518f9b361406c81c3cf5f32b49bdf630daad251fab;10005006;Boise;ID;US
a75558f3e88e1b698f6a949d841cc6930e6caad04fa02cbd924e9abaaa5b1c26;10018363;Panama Rep De Panama;"";IR
97c2f5b4afef4155e70184a17ed37d052b42352640fc0004b0e6dee82fedd7ff;10011355;Não Informado;Não Informado;Não Informado
e54c22bd2d7ef750e81bcfc575f621097ee6be1ef802cd5eb01df382d98ba559;10021996;Milton;PA;US
ffbd28bf0c78df7f8b949951f7569c4018e859467e87e589419533d416c214d1;10014238;2215 TC Voorhout;"";IR
4e83cc5b81857668959ac7163c9dec257782db14b65cc2f049c509def0fec749;10010974;Chippewa Falls;WI;US
bf52047b35f161ed163f9af8ca698c5f2c490c69ad2549a102f3a004952bb48a;10002114;Não Informado;Não Informado;Não Informado
5dfb00d6a1e1708f018ee6b6f46b024a72cb2b47f3cdc77943190a12f8b8d6db;10004245;Portland;OR;US
e6fa1ff852c7b9f052547471e81a8720ecde22e85e77b0ece457d2a3c509801f;10021270;Não Informado;Não Informado;Não Informado
3cec200cb36430039516ea0d27bc0fd3dd2d1b5a1f25dbe21fd60a4dfd4cddb2;10003554;Não Informado;Não Informado;Não Informado
b28eaa795e85578b38b687bef584c1be22f5d2a25c3328b1388967913db38947;10016113;Não Informado;Não Informado;Não Informado
ac9cb5c1b5596b3947c159d5cb07052e177f43fdc65422123085116142a719ca;10007183;Não Informado;Não Informado;Não Informado
d8e92f75c7b77a2c72f1a13177457b9e67ee79b0f9c4771719f95ccf2aabbce7;10009672;Phoenix;AZ;US
73a9340d4252220bbbeaee392890be63dd2db3cbc1c30418c0d003a8417e0023;10024003;Benicia;CA;US
3feb69eb83c36ea14c276616ca6a2f0fbb03432e15547ec72f4107c853015c57;10023524;Clemson;SC;US
bf67beab12bc0cb34ad3806d956c10e094c7393db51a778f6f8909af78f3c2fb;10027340;Salem;MA;US
614e8bc0813ba7987570856c82f11d59a359b24a90cf047c3a0ece0803b6c812;10004516;Lighthorne Warwick;"";UK
7da7f3bb33bc5914b38fadaf464e110c8b9c8151046a3aa741492e1789f9fef7;10022962;Não Informado;Não Informado;Não Informado
794de0da40c6f85dac0f16b8c054ce9ef2fad692c7d6d49ac99834a9bdaf2caa;10010865;Não Informado;Não Informado;Não Informado
a89208711b4b6bd3df227e4614dc187fa4b8e7ba45228df86000fc1599000442;10027381;Tumwater;WA;US
991290d7ee8ae2558b0fc5f30a10b625e26e86be099c0d5f84db5c09288d6527;10023513;Stockton;CA;US
f8c0ab603b155a002eec6aaf84449db5b2b18a70d1dde52519fc86dee9a312a7;10003882;Não Informado;Não Informado;Não Informado
0675d362d7c8146a8bc4f038896ee208648e8c92c7bf9134a48d63bd46b5e0df;10015956;Não Informado;Não Informado;Não Informado
2cba7736e0dfdfe68bdadb7e469b9cf7d736b8fb7ff109f997daa3f3d241348b;10022746;A 5102 Anthering;"";UK
f5ac46964b52c8d4eb97dd0567a14039ecbc3b77a30885160598511315814a01;10023003;Coldwater;MI;US
bb9d49f5f2b860d7f8defd125aa3e8ea0e2453ebd1d87542af7f467d0ba40869;10013472;Indianapolis;IN;US
6329a82e56df66d1825532360d8f44f7a050fb8beb0b50eaa114a2dde4acf0d2;10021936;Louisville;KY;US
928993d7ea12b7dd51c920973cdb4a5513d70eb1f5c660ff103618b776dfd8ad;10022755;Johannesburg;"";AU
b5d7d351dcdf1a23a407cbaef5814acae03358386faadb77a0bf6c1b5310ce21;10005922;Não Informado;Não Informado;Não Informado
bb603f8e9bc81fbe9b90b7dd1131abf1db8121dbc18e4fbc1301f4fb737d22a3;10021006;Não Informado;Não Informado;Não Informado
28fe31b0f6569c07916fe6340e88678865fbb7feff9de0309b12a8642c024858;10016858;Beaverton;OR;US
5b8e814350cbe56d93223260cb0e625a1cb6063f742eb63d5c5458bd59f9f022;10019913;Calgary;AB;CA
79cad1bbbd464619eb9e9c5c59b43730c95ecfc183b8d292df21b47fc6825920;10011732;Não Informado;"";UK
d2e638b990d4afc682063aa44ca0d356c78d7abd5041ddc9616a146fb05179a6;10005861;Não Informado;Não Informado;Não Informado
bd87f5fa023c7f086d2c228a8444f9457348e4560751afdd86883d10186b2d91;10010886;Libby;MT;US
eeca24e25563faf4aecc032a7a0bbed4a923e19cabd60835115613df39a443c5;10022450;Overland Park;KS;US
60c5f10d7e3a6b0ad0057a3b25f652a8bc70c74bfea6b23e4a2c30e34e370ae1;10000474;Des Moines;IA;US
6a036a2728846f37a8f8723e3680a7f1ad3680017716c1f09cbf352d74e32ffe;10025575;Beamsville;ON;CA
9fca5a81e03278133eec6446f8cb13ad49b0fb246938b72eb9d5fb40e1e6e098;10013870;Não Informado;Não Informado;Não Informado
fa65ab0efee0c98ab36ffbb51bb46db4792365c41919dc22233d77a6182302f3;10025243;Longview;TX;US
918560c5cc4fb33ae3470c53cf83b4bf214bfcc39f6572115fae647fe5247d63;10018871;Livonia;MI;US
0b03a6342ac6eccf9a912c0927b7dc8a053fe4795a784e35415b289405865d74;10018867;Flint;MI;US
f22ca26ac8e3cacfcdd1b3503f66cb3566eba6f86bb8eb3afe50093b3366bf4d;10020306;Não Informado;Não Informado;Não Informado
cf9e9e42bf0745925fefd3c474d22dc74b14d140ee5065dc2cb7424afbca19d1;10021494;Não Informado;Não Informado;Não Informado
258f337cc25bff55cb83439aee776efb445e2152131f72cec2c95484c72bb6b9;10013765;St Louis;MO;US
fc7310693f23bc6594e852f852a00df27dfdd2d68c657a9f75b3e9abcd3f4f4d;10021668;Independence;MO;US
47635f25798df08986508e12449cb461334b9f9ddd59258ae53a33b24b4f3426;10012422;Saginaw;AL;US
da913ac349f84da9ec913806c500b785cee60c32caf2c563d8d8956b5f8fbef1;10013397;Não Informado;Não Informado;Não Informado
863bd44518d62882509f9f4ac19e5638fec57f3e11b46feb2a86396cb38c51d4;10025249;Memphis;TN;US
7feaf014a6f1ecc0e7e6b20a52363e81eeb9de77894ca0d5946ddba6df8458b0;10021300;Não Informado;Não Informado;Não Informado
3b8954cfa689b4743235038d97c9ef0e62f1df940d0df759d0f59e983721b6e7;10014803;Grand Rapids;MI;US
99e2ee7d1d3194394bd818da04a09dcd827746907ef4430be273798d2dd525cd;10012927;Não Informado;Não Informado;Não Informado
8edf6856b420b4c1b8fe8fc39249151a14e3c65a9ba2b692afe729aa65c52a8e;10011093;Não Informado;Não Informado;Não Informado
d2582c7edd911b7457e3fcbd9bb2b16e00f0a07919a581ee8ebd8c0b332e89bf;10021145;Brookhaven;MS;US
f9baf2944167029b4ce28425c031a4300f4aa5e97f1a75fec759151936a38d33;10020449;Santiago;"";UK
7b6370b4ac18eb9e1e72e65a142b8965e1d2e3fe9bcc8cc2b0424e543b578fbc;10024550;Appleton;WI;US
97539272fda4b1dc2e71a8df0c4ca19eef48b84184a23317032b5c359628ee23;10013188;Charlotte;NC;US
b7727d876a740e5b90d9826a6f591816789f15b3e73287406d4a376bad83d816;10024006;Columbiana;OH;US
c764d56b4f6d539932be78d6a49d3a2a3b99dd9f445c0e939f838b565ada85cb;10023516;Miami;FL;US
ce286b8b108e9f648f5c4c319e1a7c34f63dfb2a4f5bc547f012de130f76a87c;10007457;Não Informado;Não Informado;Não Informado
30ae6d4c4f6a5ea54bc3a332aa37e8beb364efdce2497c28cb73bf1d7a4916a6;10025158;Não Informado;Não Informado;Não Informado
a7b672da6873abee783bad1a87a2dba07dc4485e34f0a3ed81375e69f8e6e938;10025298;Toronto;ON;CA
bc2d4bf1b67456ae2e373f0be591a71089e970346e65e602eb2780f42bdb49b9;10026038;Não Informado;Não Informado;Não Informado
0aa7cdfa2299c38b8e0570f41a12c72c04865b8e3f3d2acdba736af5cc45bbe5;10002709;Albany;OR;US
015b60ac940350ad548f9223b1830fe25e843eb678f362c14116d8501d9b438a;10024499;Houston;TX;US
dddbab816655eb9804067620f62836cc8506be3b00f9f87e61af2d9190812d6e;10019512;Não Informado;Não Informado;Não Informado
94cf6560062c841dbc065c996caa97e9a4b20b50693ad489e42f4409f53389fb;10007866;Sao Paulo;"";UK
5ec7de31276741492d98d8ccbe47755f7c2a69507c0a3f646175cce83444a8c4;10020515;Não Informado;Não Informado;Não Informado
a9da9382a659f9d73b5bd0f61fa4a3abafef01e986f85848637028d1f12d32a6;10002139;Não Informado;Não Informado;Não Informado
ef095cdff89eddaa00b0cd770de6fce65f60ee2c6f066855b042c9212aab39b6;10001786;Não Informado;Não Informado;Não Informado
9417d003c8f9328eb6ddd083e25de88325b5d35f987db35d5f4c57175fe80139;10025284;Hayward;CA;US
c308986c2f28e2353489159fbb3c9990b39321bd810f4ac10656cce709f47137;10016045;Monroe;WI;US
b7e53d12f53f0b097ddbbafed54a1d79aeece8964a7fd5ac5745e907b13625fe;10024246;East Providence;RI;US
b904990d387c43f0ad3b0c31954c1c2c6f0a302a64964bffaa5e5dbf0ddb16b4;10013039;Não Informado;Não Informado;Não Informado
a3b4e87e0dc568dae7453bbc2430fe79342f218df1abf003a4400dcc620e1b8e;10000480;Phoenix;AZ;US
3b6011a0ad6a00f901199f29408af7ce5954702a8ccd8588c6bb1249e2bd53a5;10012425;Oslo;MN;US
1c9d3b9e0001fa1ece6c0ee7e1e620a1c08fb32dea37076ee36d1a7ea578a4c7;10025299;Montreal;QU;CA
6298ccd5333b2bf4c411122c96c67f93c871a5cbde1aaebc2f9f92a69a210b44;10020448;Regina;SK;CA
b2d6a19046328dd8956c02525dc9f95c8318b149c3cd3bb46493c26eb8ef46bc;10011724;Ingersoll;ON;CA
7789341f32c7b1213df769bd9d1a4912020e8794a7553993a67b2181e5971a6f;10026560;Dearborn;MI;US
189bc3b4b6eee9d5d2e0605aeb73d78c9610b399e14a20a3f2f2fac4b82bbf08;10021459;Olive Branch;MS;US
103c162e629c5d25884f8e4f896d994d7abf1389d0ca4b4e392ef9a35dfd3094;10015783;Philadelphia;PA;US
8caa11787eb31db1ecf4afedcd33a4e035fc04a3b07a4585e5008f45c1e8a316;10023022;Surrey;BC;CA
fd2aff0252c2296b84870c885484cab608a025e0201c78e5937cd05d3114ab0d;10020332;Não Informado;Não Informado;Não Informado
48485d3b5b6eefc7847081e8dcac2f9a12381219157dc658bddc73b1d7fed4bc;10025267;Não Informado;Não Informado;Não Informado
fbe86a4fe1b8e9d53d17950b82428ed67c5b3c7ff7f02460a1b2079b8c4de2e3;10014546;Phoenix;AZ;US
3737e983b02143443c5420d85a783d932dbba1a19d2836c209b15efcf8e12a04;10009656;Trinity Center;CA;US
341f71c3bef2fb21d035b5f984c9a4cd04fdc4af17c430086079328f3f608dff;10023241;North Little Rock;AR;US
a2b8fd8d2542bcb150d17b52fb134e84112ef3d12580fcaf7b466d57509f9023;10023780;Asuncion;"";UK
f947c1d38d5d8ddae33eab9c0af7cfe4e0572d2d2af66773b966f7f47785856c;10020281;Não Informado;Não Informado;Não Informado
b6a1532b8998c247ea2b3345668030e4418112bba22c9698c9994c632ffe8f88;10018885;Pocatello;ID;US
cbfe685f2b2a35fd573feaa56871a26b7ed838fbf3e451cf81004238cc1ccabe;10025051;Anchorage;AK;US
16b9330a27257de04612376a1f0531d5e411701b57acc45492a4b4fffaf7fee1;10000458;Saginaw;MI;US
8502d22ba055e7f01ef95f68e8cd623290549db1eed0fa3097194e9d60d2e9f8;10020639;Tulsa;OK;US
6dfe62e10544a06203cd61e48b78019a40aa6ea16ef5bf3449c6a1df1cae26fc;10015789;Jeddah;"";AU
bc259d5af4a0e7ca79479a38342bffa84fa75a10d5cb947ff9a2860056f65874;10021139;Livonia;MI;US
bacf6a0e806222effdacf4c483e9be2590ef6fccc8683189748a3b3bfb8b8c56;10008596;Springhill;LA;US
f03c765dbbde00582f0a7c4d8219c997adbdc138dd74d263e41d85e17b8af55a;10023244;Cleveland;MS;US
85f91ad73787d151a0e05be2ac8323773c1ce31a9ced2dc93b66751254d8583d;10025246;Winnepeg;MB;CA
7084d4453de2d95921c947f59d3e7b7187506358d8b9c12d158779785497d65b;10010884;Boucherville;QU;CA
a3641ced9e5be90209998de634490dc23f6ae44b06386b38ab4c0f9f2d6f7ce9;10020715;Linares (Jaen);"";UK
77d27d8fc745f02c83daf983e9a391771cbb7943f9ad10ffa399f5cc49574821;10021203;Costa Mesa;CA;US
6ac2dec2b1da7160934d531c05c0a4a2e266de12c9c85d3a811bf934ca001608;10021986;Livonia;MI;US
a83d7e44d29439b00c74873f7cb85a7a1f4e48aa989a4a4f3d110cca686d77c1;10026055;Eau Claire;WI;US
0ae1984fbe35eeb9422c76eb5a4ae6c99c9bb25083b3fb00efb511068daeec6a;10017553;Ottawa;KS;US
85b7bb52c52c84b4857764e0e796f6b07e1d574ebb0cd3e242ce93d91bdb719f;10002526;EE 0026 Tallinn;"";UK
9ae4a235fbb12279f9f165137d2767761e7c477e6080ca217ecfb5375272dd35;10025269;Overland Park;KS;US
04bad3469f2a5f97d3670604d6c51f559a1bfb69baa88891bab194d61b072acf;10002220;Prince George;BC;CA
e65af100e861535eecb02880e1a636ca6829941ca43d86618580cb3bcae00ca4;10018146;Fort Macleod;AB;CA
17cd8e366f6998b88efb9f22c529b78fbc26f2ff2b3c4efd8a80c66a9d8173a8;10025304;Não Informado;"";UK
94a95028b99457bce54caafd8e79360708a1c77ee9549d87ccd02fffd927ff25;10024260;Spokane;WA;US
2e3ddf3665a1df6d6bf85c3009990456e8cf3df640577bfc3f35aaf0ee764f49;10024524;New Hampton;IA;US
8a245a6cb27fa4a764b798a4639e5798c9947c175903c690a04b8165eafa6805;10016549;Jacksonville;FL;US
b50c309eae607ed3651e971c0fcb09d57a6d9451c1c4e26c6d94047e0db76b64;10022431;Vinton;VA;US
0d043ab3cebcf599c57219e903549b6d44df0c892607f7303a5a42507d4bb660;10018352;Não Informado;Não Informado;Não Informado
78a4d00e881c98f1ec410cba9dde3b2541220eaf8aba33cb7eb77885ec04cd6f;10018371;00-394 Warsaw;"";UK
b26cc2f486ea5fdca9498fbef050cc3180bfbe59247c91642b7b9c7e18c008c6;10024022;Irvine;CA;US
110884f9c8d6dd2bf973af10a2e59fc4fb1167ff0b3ca90d804a0cde2c83081f;10020184;Smyrna;TN;US
89391eb30448989844c20f55a3747942f4f37c8c4340a8b140b36c87672ad07b;10025052;Songtan SI;"";AU
fadb6409f0ccd95f5000872565d46f33934361b85abf909c539ddfa634a263c6;10013426;Não Informado;Não Informado;Não Informado
68146a89e87f47392a3c5c20803a313e2c8eac82849463ac400b53e118f86469;10025024;Não Informado;Não Informado;Não Informado
345fdeca6183bdce6a75ee226773eec89e178f2638bcc45d038ce5550ed00a30;10018129;ZI 1 Ducos;"";IR
e0883140f2f025b9e1aa79ef1bff6246ccb61f1a3a9ccbe4500466563cbdb4ca;10022978;Não Informado;"";UK
c0cd7088f03bcb1741fd765f03bb30a3cbce54671df0517ceb876e464f0feb53;10010717;Waterville;KS;US
ead83f04a9b5a584994b20fdf0aa904d55a8fa385091046022117840870270ea;10018868;Não Informado;"";AU
4bc31aef031f880063a32df9339ed1d3471ec6e67c19511b5e977d9d154d44da;10006836;Quito;"";UK
f502a2a790542aea3827f206c7ac11ac065af48567c5b84a294908ca863cb592;10018877;Beirut;"";AU
f8240a4c0f6f56649b88afcd52d154db02e253c23bf9e103ffa0396fc51918a7;10019194;Não Informado;Não Informado;Não Informado
3e6a26440bb74c5e74043e243125ed1cf68123ad24e448077fa7a71ef0e9c7fc;10024270;Maxwell;CA;US
85b7f42f534d56296284cf7d94fd5b0b6bb767a11759a5a8b90c50bec87e8e1b;10025039;Mentor;OH;US
e79ae4d8f450d59d67f25bbe2b0fe6c34a03efc5bbf3aa66189af8c11a512acf;10009643;Flint;MI;US
4e543f24d347cf958a2b54ef94d8fd21bb3ef89322e9f7458d4a5ed29a2302d5;10025571;Des Moines;IA;US
4105b3e1b767f13e64573290398a4ac6121a9d700aea69da5af21c483926bf16;10006805;Miami;FL;US
38451b4691bb142e77375c0e8ef36ed282cef6d84b24e029fd3a408f457f2330;10002501;Não Informado;"";UK
e11e60fd3118b2afd4294599f0726caed86bf42e15245f4f1a67229e7cb0d930;10009676;Kalamazoo;MI;US
8be56ed5bdfaf3436edca48e9b2d14b2450289761ba4416ac1f839679b50c430;10013232;Milwaukie;WI;US
1673f549b91b3ba2bed7c4f1cc46c7612205687f1dbc80805d0b446178920a5f;10025285;Chattanooga;TN;US
f4e853d347ddc55f4b8fbaf303c4c244e5c7ae818b6bac110163a4f1f7e7d4b5;10009639;Industriestrasse 17;"";UK
9d59268469c38150f384acc3e3006a2ebe456fbaa12c986bf56a92fafd8c6e36;10025037;San Marcos;CA;US
0fbd18f50c84f9cc040648cf41342475b5f21516032a2c092a981ce1c3c9768c;10013509;Joliet;IL;US
b5909aaf9f290d8faa6b0a8bb74e04ec9474813c7232c69247e5951c3613c3a8;10011052;Não Informado;Não Informado;Não Informado
1ca6e0debefb3e334c6b67ef6c6bf8975027534158c65ebc1b69620a2c85d13b;10010698;Gardena;CA;US
9e9c8237c6e61daa4e99c0916951809de9ca8aad1a366a792fec9a0102f4454c;10023212;Medford;OR;US
0740f5990b72b10b9a57de07a871504162f72c06dc14ffbc0ca42a2a1fc5ec2b;10019400;Valparaiso;IN;US
e8add05b400e590a81a916325525fe11bfbdfcdfb68ec5cc48e9b400bb36701b;10026348;Mebane;NC;US
cc76e865cc8fb8f9bb81693eaaac239df5b0dd4457e057fd20e724ae02bc5fc3;10025034;Corona;CA;US
25368f6a53da974feb11eb9f3399ab3de5b743d4330d6d9140f5bbdc89d5e4db;10027356;Grand Rapids;MN;US
53287cae4489d084a8f685b0c0c116975f52e54a6396fe53ca4043dbe1e38679;10022470;Ormond Beach;FL;US
996082d09e9d1f1ab65a51b4090cc37f8c72abdb540ed2a86881f3c291a29a83;10025814;Houston;TX;US
ce6f23be135e7fdf4405ea4d646d015dc474cc47cfbc4f2e9ca9787a668d7dd8;10013538;Não Informado;Não Informado;Não Informado
3960306b410f0ad2c34356a600ac4993c968d4245c0f7c8ab48ea0051b801b1a;10025242;Seoul;"";AU
2948f07a8970df0a27a59a029f8c9789b1f3dcc8b46daaf36a7811c6b269a5ce;10000478;Little Rock;AR;US
d21679a736141d3ce6603b039489b943d1cbc03bc206476acfe65ba402d1eaee;10018628;Tigard;OR;US
715abc64a6a9af3129d115414e636137453931c517054a8d5544ae767aa0098c;10025062;Bedford Hills;NY;US
9bf238b90b6b9b6773d709d4c8ddcc606b39ced9d14a9d37dd8d0aefcb340167;10022252;Crestwood;IL;US
60f2afe858384ffef3c772c3fc0e2259f75434811f26eafa952b34f2e5cb2b47;10025291;Dover;OH;US
b104fed7375550bd6cfa045d1fe7f9fb1164138620e8c19ff6ef07d1b06fd2a9;10020446;Pontiac;MI;US
c4208b4d6b51c661b5b6c764e9c2c33b489026ded5950583a4bead3af0ffc31e;10019879;Duluth;GA;US
8eec8e1098f985a026f0075cdb9f304e8cdc786c91360b78d33bad1ab07df230;10004602;Não Informado;Não Informado;Não Informado
35a9935a69ed133b78317ce0850cf84298d235b3d7ace1dba53deab63ae7e772;10023511;Schiphol-Rijk;"";IR
a29fdde1db723c97aff6c3f1ecef3cc622431e6e30b00d7e181773ca840ea8cf;10006977;Não Informado;Não Informado;Não Informado
de49abb58972f3c667c81cda1e1ae9d1831bf620f97f32627197fd0bd0e411db;10025919;Compton;CA;US
b027a680ba8d7950800c6d6ebc07920d5a10f453467432e4eee2e616f3fded6f;10026861;Salt Lake City;UT;US
cef068d6a98d025d2963e41355c880a524ae1136b3fea902cd1a3c9d4fb3415e;10014469;Livonia;MI;US
2cd1ffee48e21229cbf9712b17776cf258c68090d80ce449b6f0bd2264db0f96;10009679;Meridian;MS;US
cc5ac8a3600ab85125ff62a68513ae75391b1cd40994c5a54d0829d51a8dad44;10014804;Shreveport;LA;US
19073e03e76c31892ae19ce1c56bc09f5adee5d7e231166174549834294736c6;10010969;Elkhart;IN;US
95a592666500488f4f19d5284b9c0ba9f734cd2dfb70c5c87936c6d2a997e8f4;10026522;Fairmount;IN;US
ca5978fc493354a2b36c8f8cb576f59ae43f5f0b75c2bd9ed57baa59a045f03d;10022168;Cass City;MI;US
ac081241eae6bb4115a5b0401f67272debf7c4ac6abf202bd2a080f3232f8121;10025025;Auburn;WA;US
d2c574162ed3bc5c784e075110d6b66bc341a3ea5c96f322bf1948b6881d08ee;10015793;Sacramento;CA;US
26763d6e522b5b4c8a7e8c2a72f922df8c65e745534e67af93d82fee4a66e6d6;10015495;Kansas City;KS;US
9130a68274c67adb7fd01d6be79cc95204e050635a9eb97cc77b317af87c8bb5;10024725;Jasper;TX;US
0591a6fb6f3f75d81c596a6f7f7e4e30556f564567539b1a4ab5941b94c58e9e;10027575;Dallas;TX;US
b939f1eeaaef77d1df6fddbd4ea08cd4edcf736df265403449b50d34cd4b42b3;10008134;Petersburg;VA;US
4d0e096ab809d1088c4429e17c45153f7f8662e42393ab8a51d953d4bd5ad1da;10021184;Aurora;OR;US
71f35dc490a3ad31bf8158ec2a60d5f477fca12757c55f5ad48284b0a785e4c5;10013670;Não Informado;Não Informado;Não Informado
61661466f4cfb4009649d715625b715886c0a427f32e5529730e45196baa2609;10011499;Não Informado;Não Informado;Não Informado
acdac819d384fa59d0e6c4b23e9c9f2bf93b40d19f56842823658524c56d1b95;10025264;Tuscon;AZ;US
57095b60a9f79f59e85e1067e68ec7e4fdc2d8650f0e5971d698fbb23ae8d749;10023778;Hillsboro;OR;US
cd9f2ced179df2eb9c7d5279748562b746fd0f3ce099c9c87b57151e17558d78;10025287;Brookfield;WI;US
47b46b552950d7df11eef21d16a6a5b88692304e6fd7f94fb7743b52a34ff1ec;10024477;Santa Cruz;"";UK
b1877ba0a700473c0a6a2694f8f24dd189ffadc27834e0d3110a7966fe47411c;10022730;Warren;MI;US
ecf69e63c0b8181b04694a2d3e1769d97185cdaae607de1b65ec4ed66260c93e;10003795;Baton Rouge;LA;US
38c672174bd26371ae545aacc6c3bdf61502dd869700535f4fcc4d21a98896fa;10019410;Edmonton;AB;CA
b3dce0cf69c6b159f626d86324a4a0a885fb7471c92ff45c1e8104e7e90d4e66;10023757;Não Informado;Não Informado;Não Informado
a874ccf855e13b65cdd65ae54150cbad060890f28336d1dee0aadc99b7a7be16;10018518;Não Informado;Não Informado;Não Informado
6c8a6049f9c46337ccdf7da3de7beb2ed4aef5d851204fbf4d778c806da4d0e9;10000601;Creedmoor;NC;US
7bc563621945b0d219e362bdd6a7cfe1281e71d672cb7e1a3c026ee2551feb75;10020849;Não Informado;Não Informado;Não Informado
a0b95fb4626dfb80b7467f52344ed554ae34debf06f2ebaa282da9c22337a817;10011981;Missoula;MT;US
292cf7c80e22bae87a7a68d0e6206b22b3b29c86d8f86ac8a15e3ab7fc5d59c3;10020915;McHenry;IL;US
b0f2cfb0a20c9b0a4ec4f5798ff24a9557470bafc1dbb971f34037227441ae01;10021179;El Cajon;CA;US
50ff10ea1f0194c2100d359fc5ef607ed69913696bc3a80a936b4df10e5758ee;10023715;Plainfield;IN;US
35fafe44ae2d3f5e83956b33a3bd36c4dcda122ad55df8544d2b65852ce30b76;10009623;Gretna;LA;US
8d535483721883429d5aa5ca43b1756c66d12fad13cf77e6f5e2dc96347dff5e;10004302;Baton Rouge;LA;US
04b5be618e14aad73076f773d29da17a6528cf454cfaf61523bf497836bf633e;10024930;Não Informado;Não Informado;Não Informado
0f259e3013793b46bae0a188b20f49bd28318d65149fda4e5864deb98e3cc53a;10007448;Não Informado;Não Informado;Não Informado
4aedd22fb572186e93f62f7c77ee1b19c18607708b6ba67f36c24a7476a4ca58;10022249;Shelby;NC;US
0c34a6a2b4e42517b6adc6a0abac7bd66956e28fd47cca2901468959b71cda07;10012369;Não Informado;Não Informado;Não Informado
53eaee0942c676b8dd142cd12befd597f28314323c4ccb8e0aa6f77a514b9eaa;10008893;Yakama;WA;US
988546cd55f174bfb456f61eabcdb498ac5a69177fcf0a98b75c961e1f143a35;10006037;Miami;FL;US
2573a5d499794a3c4ce3decd514c7a7e4cbf46bab5f81950d061c7b5fc9eca9e;10021204;Toronto;ON;CA
be2a93dae0e01fa0a6a6e4c5ac893e233f42d2f095f23052512213efdf9fda3e;10002520;Não Informado;Não Informado;Não Informado
fd36954a9cba1515c86aba470b73d280d9b248db1f9a84a607665fb91c8fc2f5;10025033;Billings;MT;US
4de90df9d774bc2ee9a0e01c9fe82a5d7e8a27df131b36d0edba55418ade47ce;10016334;Overland Park;KS;US
6bf607ea0b51af8f73f53df9d10168776fe766252fd15c1d23e8a3365c49c009;10011870;Não Informado;Não Informado;Não Informado
acc6675e7a050c7cccb807e037f9b910e97fad022c59f77817d337837c7feea5;10012305;Não Informado;Não Informado;Não Informado
3d7c98e4a40759fa3350a01175f28c8339689fc3106557544f7857bc070f493e;10016807;Overland Park;KS;US
a8a883c35fbacdd3153af53e97a10511ab570d113454621681eabcbb32081fe7;10021911;Tupelo;MS;US
c3c219d4831ffc9b68b3bad5c664a51c8927c2ffd8df68f715f366c057bb45fb;10025549;Shady Grove;PA;US
07df9f4922ea7dcec5b7919cd710069cf81b19a061975ad3b469fd1d6f1e0fe3;10018603;Dubai;"";UK
8496d2b472f46776be65bd9e523f97c456f46faa993d66e7b7010edd429e1568;10019665;Hammond;IN;US
b384910b041c3ef86814172883491333a04f1bbf4a60014c530675d3429ccc03;10018580;Beaumont;TX;US
790cefad2b360dd79a75b598edfc0c232805e52b29871d34f7afc927e622fe70;10014802;Não Informado;Não Informado;Não Informado
f95a3263cb4a43125ab1e7ad3111a02b781ca19b87f2b63a92d8ae5f880eb9a1;10022423;Cincinnati;OH;US
9edcc4ba0612ad844191413e630aaedae56edf67c86b4f0b4ba0b3acae94ed8a;10013312;Não Informado;Não Informado;Não Informado
f152a664744c3eb0f671c3c7da93578cf27a8fe68db1fc4525c79c784f887134;10006983;Não Informado;Não Informado;Não Informado
dc0cd9a552f190ca6a841abe5f4df7ccde32204c4bab357583b16433af8e8600;10005043;San Jose;"";UK
a8ad229c6957e55c67681e48a0416c03bb2c4cd496aebb231ddc332730491615;10009863;Beijing 100088;"";UK
754378af1cecaedf63b226fb791cea122f756072d10c395f5942cf7e42e80860;10020907;Não Informado;"";UK
d40ffc662dcb2bac81ae3607b25dc871058b4152fb16db2d2d06f25c3b9c621e;10014533;Aurora;IL;US
95bb01db732bedc3b9dcc7098d6a45ef62262268437890cdf0edf83e75aa4c7d;10009660;Augusta;GA;US
dbb2fc3cfd38b6392ea7cbba31b87708ad3fed41646c66b215176ad3c3b6e266;10010832;Não Informado;Não Informado;Não Informado
f3a04b8178b7d6951b4035e820d1a0ce98e92e368dac4eb4a4ad9350fdef78b4;10025289;Fresno;CA;US
1e8af5ccc86ca9642a5378f7f7e60d2bcff3cd656514f3cd3e72e25705a2eaf5;10000466;North Highlands;CA;US
e17a75d04747ae18a7431235500ea84673a296dbe3572d5d03976bdca3321686;10009356;Cape Girardeau;MO;US
d3f3aa5e5181b8d4a52498c4790bcf500283bb4b6487ad2077530820a741ab85;10004207;Não Informado;Não Informado;Não Informado
0349faf8d17b8bb52ab0faac31a20e8e0281d303b4899458287a614207a02799;10023221;Overland Park;KS;US
751f95f7418a918e01914eb48912bcc511bf00d9e596053cc13295635149509c;10009697;Orlando;FL;US
15fab0fe4cf1f97e100c5385deeceff4d72ccbf6bbd63d9f3bfd8a8056579ca5;10024915;Não Informado;Não Informado;Não Informado
897ea0ae43ff9602293e46fb3a84d52f6bd21c955f0390ca7cce3c1c68ba32e4;10027370;Madrid;"";UK
9112985b64d5ddcee967404453027dcce6bde09e6b87cf314c9a7929284d560b;10002746;Bensonville;IL;US
1ea792d9d64a3844372130f201aa3a9806e23e8f8f52be59c63ce40ce5e9ca69;10009642;Joliet;IL;US
a2bed2d236f44def01d7435ea3d58a7e5e2f6af705118ba41012cabeb51e1215;10015824;South Bend;IN;US
d415495e38e10121d92faf2511fe036423292935c1e98b00994fbfc8a362a2a7;10007309;Não Informado;"";UK
c60c5638ec98d76fafd579c5a68d4890ef780e0ce758c5daa05f80bcbbe9c526;10025791;Prineville;OR;US
6a9d3c62cccd5a250135dafb8d6a99429a61ab163f7eb1a3af77c483da50384f;10023235;Houston;TX;US
4041bacf272dc21dae89e6f9dca24f326f09c3bee189eb180bb80ccb66d0b2b0;10010912;Fort Smith;AR;US
d6874bf7b085edf02ff8969197cffdc42fc2f7306b06173e37bf66fd1c1879cf;10002765;Hialeah;FL;US
45dc46dfde29f6f1ab447df1dda4a411d4a7dbc95c1c43b1c8c799d28107af1a;10026438;Não Informado;Não Informado;Não Informado
a2e3cb907717fbee7e8a9568ab7833b91736d5a1069179dd180ace4b79c2c540;10021107;Não Informado;Não Informado;Não Informado
55feb8a5c0c53b3b911311c6ccc44404100a399766c510086c852846b2960547;10024541;Bedford;OH;US
c378c967e5c2974dce0116bd18bf30f447cc1c54b6fdb319788ce2ea831fda5c;10010935;Sioux Center;IA;US
35a7e633edaf80548771aa7ba29f3b4b70a4db0d4e45fedee5819ef5d4039b6f;10022166;Não Informado;Não Informado;Não Informado
38faaf490f5acee7615f8c3a0f0c89602bfbb13be9aac79346a80aad7f3af439;10013061;Não Informado;Não Informado;Não Informado
00e5287eda0a72359e3ac3d3f8473a868595db1f4f0eb0be0a766dfdb4291e5c;10025467;Não Informado;Não Informado;Não Informado
6ca8ffd1b57b045c3f11f8279f3fc6edf85f84748097696b6ecae3a17ead8f93;10022732;Lake Hamilton;FL;US
02dfff52a69a45d4ee74b913a868f5b5a893e2d908ca2abd5a0e18fd7d77af71;10026006;Calgary;AB;CA
245917b2558670e442d18450e0375251bf6422e846aec1067483721b7bb4e870;10017852;Não Informado;Não Informado;Não Informado
ba224c0fff424b894442922fce5acb56cff1f3105d8823e3f168d3e2a7b433fe;10014059;Não Informado;Não Informado;Não Informado
1a6e6556d74d4d0aea88da99bd5fb1f347b505ac2b42cf9152343caba2d4d53e;10012761;Cali;"";UK
face394e1ebfbb2056aa9bd0beaccd7669f4825e0acdd8f10dd4fe5f90f041ab;10026336;Columbia;SC;US
1e85ce0a73d29b29e7c1091388fd2f7ab8706ba128db8e121776c52de1fa4355;10024016;Kanagawa;"";AU
b8dce6732ab697da86b23879999f42b045aefea76e98b713f656748ad7b9b92b;10007591;FIN 00710;"";UK
42a91f68716b8f662d6cdf681ee2826eec0b89601e966668427462b32d49074d;10023023;Thief River Falls;MN;US
995b227fc04ab55c3e355251ff660a2daebb1c9d2c62f8b511b86f31945c9902;10023495;Não Informado;Não Informado;Não Informado
134712e196cbbe660d2b3a37c5fb861108633062e33b92d48c1b678e11688631;10003749;Não Informado;Não Informado;Não Informado
9e0838ce882f350e6b4f3bfc3b16d8c3e328ba30030977d40e2c3e5a5cbce4dd;10011521;Okolona;MS;US
09f21e1086fda69f8a05a98906ed0796c0ebe66f776a40000cebf553d8507024;10023760;North Hampton;NH;US
1787b9f5bb196cd092c5f16744bef959bfe56646a455234da8a30860fb6b6c6f;10025392;Não Informado;Não Informado;Não Informado
345ee00a56722d16544a3235b0f0aeebadea413c8a3aeb246f5459097c03e1f1;10005236;Não Informado;Não Informado;Não Informado
3c5c6dc41e6070b3f1b95e312de23536fdf14977be601d8b9233e47e89423bc5;10021331;Não Informado;Não Informado;Não Informado
1b08fd0db4db0c6d2d1ac0c53e831a846d772d5ba6d0840b246a0d5ab2027cd0;10024999;Andover;SD;US
de0c8b388569de55a749f5f2c92d935c55449eb0c8cabdc1d8ad7cb69e6e1431;10002155;Não Informado;Não Informado;Não Informado
f0ee6821ec0d8ab1f303802aa8e0a86103e99edebbadf76e38d727a6e0efaee0;10020364;Não Informado;Não Informado;Não Informado
07f2d86fd439ac5a2135267a31c231d943bfcc42e35ca68d0e0e328c56079d44;10022750;Watervliet;MI;US
474088e2f353eaea2b2f68cfe6bdaa2ecce281cbcfdf4310a41ab46cf95bd8b8;10011842;Não Informado;Não Informado;Não Informado
6069458f3734a19453db71f52871ad8db41e9b186a24a63666110d1bed8a97f5;10010897;Whitehouse;TN;US
0e03dd1592aecd80c181409c3684a8998434b0666ad6b6b74384fbb9b56a70da;10021158;Surrey;BC;CA
cc778ca3e88d762c332d76dd933030cf2d8af3b96c9f4a85137817df41338f7e;10025508;Moncton;NB;CA
cc7873669e302bfff153bfc27cc5fede2e60b146f7c758b23912287b96a4ebd2;10009650;La Paz;"";UK
38449dde2e6f4ad83714a593b7f80a9290b8d5aa61ab5e65a144f29b78147f13;10019109;Sacramento;CA;US
e3d040962e6ba1acb40e0c976924598158ba439f95cc6cadc9265f2f689673a1;10009156;Attica;IN;US
d61d7b58408e6b2ce36e63f75adbdaf157bce0238285a0acc0edf2e9d015d13b;10006862;Pearl;MS;US
e817a3f2fbb179869d04bcb1c5f1581e58e2cb81cf2505b20fd965e72124cd7d;10025063;Não Informado;"";UK
fef2e6597ba86c168c4517a5c483632610d2391f519b4a9432eeabfb02ccc9d9;10019105;Mechanicsville;VA;US
38e1b013f6154ad24a0eaa41db7a04032e3bb4fc4905dc3343ede1a0c902e6e9;10026355;Casper;WY;US
e7db5bb4b9a64d675ad6c26a2629e183ca08a9ab032922f60972e64a312394e7;10025252;Elkhart;IN;US
c34000e44263c8b2ab02f2497f2fbf84615995f37f5bb54a542109576d25f4ab;10020868;Não Informado;Não Informado;Não Informado
1b65bd7deeacfdb9b89be4caaf045d5c1c05656d469b927b608f6332140d97d1;10002142;Não Informado;Não Informado;Não Informado
173682e87334e33c744085af49e8663daa537fd721245784e538d0dbe4d45c10;10013332;Não Informado;Não Informado;Não Informado
abe968e9051e5cf4c2bce105a137b9b1483c218c53d7b65971222da969731935;10011979;4100 Porto;"";UK
0e1e3d1423bfddb7f73b2243989fd6aa2c9b26f84caf87d3ecf893f853dab615;10002159;Não Informado;Não Informado;Não Informado
853706d48d57d48077b70dfeef9e0682eaa5edcb0e72912a6bbd88dd0da1dad2;10020982;Não Informado;Não Informado;Não Informado
c7fe3efde5fcac8c54dc84bace0e09a230eb0528368924cbdad8d55a49ba3f1f;10010990;Não Informado;Não Informado;Não Informado
0a2454065f398f7d92f8363605f53791fee80eb8259a05259b9ba9098059f8b2;10026294;Não Informado;Não Informado;Não Informado
adf82d89d05f87e402198dcab652681507d76509f63b61b777091b33141be067;10025305;Colorado Springs;CO;US
c4fcdc22fcd252a6b3a4f684e71b2a5ed6268e196f3a22c6c2c5b77c558cbf2b;10007122;Buda;TX;US
8c31bfb36f4e211081e4dcade64b7dd0010357c01d2bcbcd5ee03416ac09f6f9;10020962;Mercer;PA;US
4183ee3e1118895c875fdca2d1fe577dcefd7149aba5cd777e38425a397b166e;10021736;Não Informado;Não Informado;Não Informado
b11985dbdd7745ded30c34402e9eae11d6632a6ae620d43e43a44bfe0b25ec7f;10025049;Milwaukie;OR;US
80cd657e9bc9fe78f7c500cd33c01a0a3cb6800b89024783da50995c6cab760e;10009885;Winnipeg;MB;CA
e792a93dcd35997b750626825dad3d418241693a5597df4b58232dd971698a31;10013080;Não Informado;Não Informado;Não Informado
4515ee8263360c733468bcd7b28e7f186c883cb91493ea75a5854e6e30576f60;10022167;Georgetown;"";AU
37336356b954edc1620b6352bc501276c7468e49599e6405c18e3a809486096f;10026023;Não Informado;Não Informado;Não Informado
45d38f9ffd6946c4bea48eb707a05c48d30dbb2591141d9db8f03f41823daa38;10020927;Sidney;NE;US
d9ab2d0b918d0110010edc779ac482cceed1a5e8db121175f37472814af5fa99;10000462;Hazelwood;MO;US
36bd51bfcb4f316858ba5d2366c69d8d70d365e61ba7ba9e67bbdb2d2e84a385;10019469;Não Informado;Não Informado;Não Informado
091e476b52a55f624fe24a050716a40f64abca821a520e4e6a960f971d4d9d8e;10011398;Eugene;OR;US
f23507d00a082e4db69f1121ea0e60dd36cd864f3faf6c8653c306222785415d;10021418;Wheatridge;CO;US
2263c8413860d11de35e0853e2ee2d1e7e682284ca45b5a8ad1f0b6e24e9dd9f;10023785;Columbus;OH;US
91e34a309a027f8e8705e39e96519495762b2f15df76fd7452b2bfd558491498;10007121;St Louis Park;MN;US
6546951f25e8230b883bd46f2dcff58fe41527e8398f3ab343898cd6a79e96c2;10007564;Cleveland;TX;US
1ae28cada547fa6331a5dd5151b09af5a4499e561becb9d6b6744a701984ad4d;10012161;Não Informado;Não Informado;Não Informado
6464c47a46759a599b56761ea2543769f2dc837f8043ad25a9d57749b2a7c8f4;10025359;Não Informado;Não Informado;Não Informado
2e053230f3ed48161cc7f0360084aa88d043f37b088c8c9b26201eed2f156b20;10014495;Clackamas;OR;US
93d47c0ef9ea1ca46e45f222c64e24d20d1f275e2a67d143deb79d968b03cf66;10025239;Não Informado;"";UK
d3accba08fefefef18c2f0bf691e53e79887344568d3f824bc35e0c9e82aae26;10022456;Rancho Cordova;CA;US
6ea019d8a420a4d3d5234d7044559e767155f3ccdc1cc1d04204bf6b54969289;10009653;Mississauga;ON;CA
a9c3c5e4b64120640a2d54d8922fdfe881fc9fa9b6eab189e346837394bc1a76;10019514;Não Informado;Não Informado;Não Informado
c1512c0f4fe4ce5ac62e912a50547468700e5a0ea3a4e00dda65ac86e7bfb49f;10020256;Não Informado;Não Informado;Não Informado
eec1590589f01b6777ce712b3788dc5ed898490e3be02fc39d529d5af260e3ea;10026868;Valencia;"";UK
874bf6aad99ff675fa8422d0f206388e5a6c872d237934f0ac57c6ffb86873db;10019942;New Castle;IN;US
49b8662db8b0be4f39dbec60f7c5adfc54bec5acfcac1b51df3281434ef93dbe;10002244;Statesville;NC;US
7cc46f08fe33708a747bd4705b433b1b939dd971fd880ea44a3440e8ef703e22;10003857;Não Informado;Não Informado;Não Informado
9e56770cdfb8c22e9e0b8c39b0bd7db12458f2b0d3ceea6f0c3c50d8af0b5a57;10021297;Não Informado;Não Informado;Não Informado
99e7eff9dc850e314cecfec614ffeaa6f464727493591798f9b697f0c5fb3295;10021422;Brea;CA;US
83e6e5d9baa1d5bd351c58167084729a67dc17610b5c8d2b8a3a44aca2126edc;10007355;Amarillo;TX;US
009ee98a9b5abc75f3656fcc1a1dd1a5269de5e8dc0c15af307469af0e6f82e2;10024034;Edmonton;AB;CA
a83024098101dd049af1102d3392dfaa44bec4ed69b83af354183a957fa6fbde;10000486;Não Informado;Não Informado;Não Informado
05bafb5e91ac817e40cdbe343862c47c5caa75af835b4fb53e43bc8d1f3947d9;10025250;Ooltewah;TN;US
c4900013254c4fea35814d691f8525c8597ce1ad29c98dcc0689616034c85b2d;10025495;Birmingham;AL;US
aca8fd3e75ed273d80b932afd7a060f9a60a38abafcc1d0e892610d44013502f;10011623;Não Informado;Não Informado;Não Informado
f9f40fda66890673ff61b089f597cec4dff0a76b5019b9f62e2533893493b81b;10020247;Não Informado;Não Informado;Não Informado
05e54f8d8456e98259e0f70678eab3f1ddc2af9a7872e6807fe68f705a417b1f;10021283;Não Informado;Não Informado;Não Informado
fb66483b8a49c814b5f06a6e8ccfadc0c70930a3fc5f32dd18a510a5a505a21b;10027053;Raleigh;IL;US
1d94738caccf901513818ceda9f08546983df70d8e1cec791dfe75551edbd082;10020684;Montgomery;AL;US
278c1798da6931e2dcbb2bcb17ebbbce0c2f049522fed794a46073ef9dc42437;10019880;Somerset;NJ;US
7542370634e84e0477f4010f7496c893b35b2b8f3f11c500d888240d041c8718;10024924;Não Informado;Não Informado;Não Informado
93223cc32bcec860c4a45a3e0632db27c00a2537aa71fb3f65a472ff40121527;10024010;Mitchell;SD;US
927c0371eb52bf1036c719e776c9a69370e40a81dd14449ec114ef9c36362704;10000456;Edmonton;AB;CA
1ab9b46381239aa59e568b35b1a4870c9280d818106278e474f33623b4fd21ea;10006093;Evansville;IN;US
42767e83f57232da5640993e1314a32d03be3c1f15bf2f6552de8b982dd6df80;10008602;Wells;ME;US
1d4f96f9fe73597d5280c7d393f3a840fbbe674d9bbc56acd73e8ce27347d1c8;10026334;Não Informado;Não Informado;Não Informado
b3f874f84cb614d3c778d8420bedceafe64881c0c4616d8790b0d939d122a5aa;10007258;Não Informado;Não Informado;Não Informado
da9c4d26d5e68e4ea7964fc5379b5bf98891707d76a14628249f0cfb4b1efa53;10021380;Não Informado;Não Informado;Não Informado
5994c21f62de63f30ce52e32ef9d9313d26773b49d046d62203bdae4a0d800bf;10026839;Greenwood;MS;US
3cacd7445ff4e28c802dad58bdad63a7347dc8299bb3eb4e59eb9646787dce76;10005810;Não Informado;Não Informado;Não Informado
a736665638522f3f5af40fe818045ad4915cdbeb8652592cb8b3d0e5b8acf1b6;10012851;Não Informado;Não Informado;Não Informado
8b4c587159c91284fb6a7fe3c5ddd8432cf1cfc59af79d78ec1accb1c8172d77;10024743;Enumclaw;WA;US
b96f5eaf09f1ae22f29a60c887ea018fc0475706fcac782ccc91758f462a17e2;10018623;Laurel;MS;US
454634f310a4d67c72e968469825bfbf9cfb392d020584e489ff7d730c350f64;10014739;Tulsa;OK;US
f897ad6c6aace3bf120017cc0cd434c0c708f6fd51f94874cb89831c4108754c;10021470;Wrightsville;PA;US
6eebaa5f550851cc8d2c6b8bf2e8af6bd5ab9df0f39af242ad15649309264e71;10000471;Jeddah;"";AU
7fe5b2c5c284b3c9ed8883dd66ebcab24450b1c5cc5443b1fee14a5571fcedb5;10010855;Não Informado;Não Informado;Não Informado
3a4568ee9533e5cc0603f4ea66ae6a7b49fc179d81c35e1c760f383a27727558;10025238;San Diego;CA;US
b10276de92f4a4f6a28bf8e6edb1a7299fbab96b9ddcd6327a5770adbc731ad0;10020909;Canton;OH;US
dc96e9aeae0fb7998bb83ebfa66bf3e11336ef79e8824747ef22c82b7eefe729;10014779;Fairview;NJ;US
df61fb45d4fc0f031603f36f7f2891843d8d224a242bfc4e0ae6fd068266262d;10000488;Não Informado;Não Informado;Não Informado
9b3c0b80d1a499308c6cdc4462df3b4b4994e00c7c922b4a0bac11ad3d6fca4f;10015325;Não Informado;Não Informado;Não Informado
d67df00489999cf5b057af74595c2f5cd3105553c206079d12173cbf283965bf;10000473;Rancho Cordova;CA;US
3fc7ee8ebd4c143589f1f4f8044ba91832a13a04c859989f241c0e21d09e84d9;10025552;Southfield;MI;US
64d6c0c344ac20c29c581a85b8ee3a2f74d7eb12709ac27ffb5bbde9fac49457;10014471;Calgary;AB;CA
6f00c4b7f4cebe721c28d296d2712149acbccc2dfcaa57c8b9e67be0dfea35a7;10009652;Valcourt;QU;CA
84b8531a7f647f2b7f8b259166b0dc11b3f1ad0f3b3be0d31147dfbaadd08d16;10025086;Não Informado;Não Informado;Não Informado
0f81ba6728fb18596f42779e4b7c63df7b68e33e46e4c117e0433f284a0b73d7;10020413;Okarche;OK;US
a939eb1c2b7b7fd784feb1720c03cb7592d8d14ddd49f8e74dc75127431f8aa0;10015267;Sollinge Molle;"";UK
ceee9eec238ac593bf03d45a74d455c1f10f1c5026aaff95e5525b5e80e7ed3e;10011546;Não Informado;Não Informado;Não Informado
113c1ca6cefb419d98f9508bd1e774f17fe33b9fad956ebe16552555cf71a220;10000457;Não Informado;Não Informado;Não Informado
f174aae99d139f91f7f1a30fc09396ad285cc14cff7fe35a1c29f2ea3eca631a;10025248;Kent;WA;US
dd1d7a3616e164b07a763522678ae1d70c1f4dc9d0e0ad7822290d6752a27943;10014047;Fresno;CA;US
3b99c91485f545b59cc7cf174994c8750b6c543d849169f739f5ad97b73e2324;10024255;Pontiac;MI;US
a8cb4fa2ace66b01fa5d456741129fbd1e6cf42495687578572ca9fdd230869f;10026062;Houston;TX;US
139c6e33bd4aa4655d2299c811afe58920d85bb44e02b223951d7ec63399290c;10004255;Seoul;"";AU
4eb8e84bd22fca47e0dc9805948006fcb6dd604d44caa1e73668f4d067b59630;10012328;Não Informado;Não Informado;Não Informado
72084721dcb760c5ad694ff4f7ad02e90916c1b7334701bdd0203f48a7652a81;10012234;Hayward;CA;US
268468449d8903bb6f0c1f1241adf0f94ce558ef848bdad2f957c84cdbfa3502;10018644;Overland Park;KS;US
cf4141a069f4c2b243e3cdfc1e6f3a18aca9f3c9677fdb45770338502c5b0da4;10023793;Holden;LA;US
0a69981a938614f2312c1bd45cd9030e61e9c3fe0b881d3327e689a50b1fd6bc;10011997;Roanoke;VA;US
4b7223f6d067e26ad98f3084a5b6ea39ba724a6c23b8bb0d9c846444e0c5a629;10005919;Não Informado;Não Informado;Não Informado
653881d761a26b9101ed9adf5af51d76d41bd2228d7ebd723df938e7e9459444;10000453;Não Informado;"";UK
0e416300beeaec797c39c6dbb1cc4e4c0f81809f144526b7b74fc6234ed4c9f9;10027119;Não Informado;"";UK
e5f39fb128dbbb78110c23c3eec1743a3d297ed1a1297efeb3b4459f962fbd70;10025032;Montreal;QU;CA
36be7bcafbaaf56a4262bf92ec1695120673741c00964754ab70535c8df58e07;10007117;Taipei;"";AU
3eb81e62595d43e8b0247373eabdd4b13668436f63b6182c219d4ba65c9d081f;10026299;Dallas;TX;US
3d7a69d517cdd28c793c6537bcd5d7d041fd2d22eb8cb38a69a8ac1e524f10be;10011360;Não Informado;Não Informado;Não Informado
df1120a21d54be219c1817563c168c9c4f71f0b1cb2c2137f237fbd7d20ae6b5;10002150;Não Informado;Não Informado;Não Informado
3fc439ab3e6b2e166e4b00bb46c5a5c49d44954e537b68ccc7b8df9a6cbe1016;10019066;Não Informado;Não Informado;Não Informado
1483c6d9944a338e5c02017347f5b811d39f11dc048cba0584784d11acdd31f2;10004256;Portland;OR;US
96c6983b3b36403887c5cbb90232a4988371ec73a953cad18585b5dd1b925edd;10020393;Fort Collins;CO;US
37f4fbf57ff4b7f8ec7a7dda3e877cf78e25f88a2a790d2fc1649747f0ff96a8;10027583;Morton;IL;US
0a1dfc624f64aebc71be3d423f68d43284d995d89e7d0588225eae86469ad363;10016609;Winnepeg;MB;CA
6e081b781d35c3ff0c95295f48cdb152c9a2ad53ac2d57ec22f9015dc3df3124;10019812;Não Informado;Não Informado;Não Informado
873c11cf482ed58f77bfa329f2c3c0d1303c27ea756c545a5fa4324d01110c24;10025353;Não Informado;Não Informado;Não Informado
c38ccb4f51bb558a919b639fc4e55d2d133980cd4e6a55a000caebef70e64640;10017290;Bogota;"";UK
1a1b518bfe4ceffc80db047a60aaf1fd30e2e58405b31e2637fbcc4433589519;10007253;Não Informado;Não Informado;Não Informado
8a76c7ffd0b88a77de0945ba810c651a08bcd2f0211f7917936964678cda3768;10013127;Não Informado;Não Informado;Não Informado
09f5a3de69cc4f5555f4b739ef3b2fb12b78a54c0b362ee970038d09fb3c0eaf;10026606;Dearborn;MI;US
2edb85e3a80ad558bf9de5b0f5b7a74213ccda2502c843e5934f3fcbba4154de;10023471;Odessa;TX;US
67cae43ca42ba26b8b269c531f0573da96a60a84368db6eb05497db8af87db5e;10018665;Wester Chester;PA;US
0f051b5666bf84872bbfa1d96488d894414d678a0dc9efcf58f40d53961a2196;10000497;Não Informado;Não Informado;Não Informado
cd01ac2aaad38f06208042e625fe837d5d42aed06e7d2ef0c8f5d60fea547878;10026843;Tulare;CA;US
66035d20f311bdf4226a43f741f7b923ddc7c8f477d9e8ac99e87a8916d13601;10025558;Little Rock;AR;US
465414b0619fc6aa4fd5324e4380a05d36840f5cf09d242ddde61e453f7f8d55;10025771;Waldorf;MD;US
61d47bdd49a7c262a2b713c43dc009a0e62724be70deb76cdf716ea97be28fa0;10020266;Não Informado;Não Informado;Não Informado
c36960228bfb251defea83c90e411cb0f39f1d9b38aaabac7b10375798d2b47e;10006917;Não Informado;Não Informado;Não Informado
9e5c1adc65a063e28c73df3080d2b7d80a7beb90c3a981166b7f81d084a43458;10002412;Não Informado;Não Informado;Não Informado
cb89d7c33bb65fe69fbf0f3447a5dd48bcb420fc65899f6e05910c8bf81988db;10001103;Não Informado;Não Informado;Não Informado
494fd0944847d3dc632d7d17b25bb6a5a47d68fb453ac996db76951913b5efe9;10006846;Modesto;CA;US
95207db1bbe28b4810314c23b7d6ece1bbea8a5a454be810147fd473435e0c17;10021485;Hamel;MN;US
e1b5d0a511d7048b3e77ee88e059da83546d9c5bb21809202024cda4c8f4e91c;10024009;Tulsa;OK;US
246f19c3952d1b538510dbc8ce0ab046e947fdffabf7a1507100bbc3754a9463;10020864;Não Informado;Não Informado;Não Informado
c4a9ba4cbfb789fe1914c2fd8288acc2adb8124efd50d8088b7ef216206191bc;10024248;Portland;OR;US
acc4efd8146c6f697397ec462d06355a6b2d76f2b56e43b01da462974cfd1411;10009985;West Jordan;UT;US
ed93e0c383112583fd7232c44f5fd7d1adfd53678a412df2d54f52ca50bbee4d;10021222;Buffdale;UT;US
efdc4714e57111a2e3470c93a7b5781cf7cf6fb19f282ef8643cb2de348ce012;10010970;Irving;TX;US
35457d6303bb15803ab7d36af5dc3f0f2d322598af4e317f0a74a3e040c19e9f;10019897;El Paso;TX;US
63e1736c91038a71044362ac90d84afb2c0a5d2cf79384835e1474fef6cfb4ac;10000501;Não Informado;Não Informado;Não Informado
f6afae280d7634332ffd535223372fd383ef540a0a62ceb952a394ea9493e246;10025560;Cramerton;NC;US
c70a7465a6befc7f323c3ffc6d899891ec3d7789f3597bae1fadfb13ee628387;10010906;Frederick;MD;US
7922af35482de718e92fb45343ba249bc5c881fef23b2da08c8d793bdba0785a;10006916;Não Informado;Não Informado;Não Informado
0d9cb1b1c46694777e6c90adb66044b19049f160c5f3376435a6e274b33d9b1d;10013574;Não Informado;Não Informado;Não Informado
19ca705bfa6b1c909513e8e0b684dad9c0cd2ac080ae0349fe76fcfb5ed878c7;10020227;Não Informado;Não Informado;Não Informado
cba6e5ccd9e1af8762263f376e1c12b80ad875e6867b00bf8c8bbc5da43e5fd8;10025247;Pittsburgh;PA;US
fbc90794fbc43228da70e60ba4a73b33d7b326b829596043ddcb6322a995e29d;10009645;Não Informado;Não Informado;Não Informado
9b26d29bb0dd0f4ad2f56f1f6f9979d00bb2e13cfbe06b719a8139a29a383e86;10026078;Bedford;OH;US
b028785e0fb0fe15136ff2eb7ba9b757dbc331fea9990af978eb65268e3a64c7;10025040;San Antonio;TX;US
f38d336cf8f7499ba74da9efa984ec0cc23daa12f34938ca092a73bb1084dce7;10011734;Atlanta;GA;US
fc4da6b151e49777f78eb2e8eb2449e3ebf6851e9b54ff9bf026ff5aec3b7dc8;10012226;Troy;MI;US
e2411194f55c15b61157d9427fe212b28c836301713decc5ea5d07a2e293e2dc;10007577;Stewartsville;NJ;US
2790171ca8defc4a5cfc87c72b57557a387004e7145a6e172fea9c0ad645b786;10002136;Não Informado;Não Informado;Não Informado
a6052c50635f4dcda9f18b0af9ac5930ed661db4ba0902cedeb97426f02952eb;10026009;Não Informado;"";AU
e63bc576bde9f26216269c214dd78adb34a38f7c34905587cdf1b192d38be1e7;10017054;Newport;MI;US
1c73f7d9fcc492e3c5a54445621722c2ba622a85bd042d36b97c9b5a6d44388d;10025737;Não Informado;Não Informado;Não Informado
0de5a7d80b4fa32eeac8be49a2cd4c0d36b2d721dd8c2a93a1871090e85f5228;10020193;Não Informado;"";UK
00f06e357a1865df5571b3b97ad7d82ad2000682bc5b539922cb622a170941c7;10009633;Não Informado;"";UK
33b59e8d3e71b6a68b234e288f0ca1dcfe35c251eaf474b63a81dc257a1ba2c2;10021111;Não Informado;Não Informado;Não Informado
09bc9e6f6ff25a170e73b37304a1d7f4bfda25b0c87e4864dd609788fffebf81;10009657;Lewiston;ME;US
b7d0b6e5c9c153210f01789569e714e7b494970f716bd19082f230399d3edfe4;10010923;Seocho-GU;"";AU
f07a319ceb4ec8901a121a08b0a1a31a1d9639fcb0822ab2443c31d6616ad938;10020192;Sacramento;CA;US
abb8bf99fc8658d70a6ae1aa5b4ba49e9f30efb953335ce8444b7774daedade1;10003720;Hermitage;PA;US
d83047cd8cd1bd9e2c793f6870bee15959bcc30ca90b846ef1548a28409ccb3f;10000469;Montreal;QU;CA
eceef8780c406a84aed95aeff7f47f38038c70d67afa0fbe5e376469a082806b;10017307;Anjou;QU;CA
875272e49a7cca98b793a318e8ca1c8fd276a4c3ad3fad81c87acdb25f712811;10006919;Não Informado;Não Informado;Não Informado
ddae14f1cf75ae968f9583ac678f20507959397220739923538991f4d9615f59;10011821;Não Informado;Não Informado;Não Informado
b060105673b7b4cfb15e23cf8d5070f641a84d64c1daa4e0f53c1d3f4ccca7b5;10000460;Goodlettsville;TN;US
a443ca73639e23ae46840a07411964125eff72053cfc229a10f40be67c8b95db;10007536;Não Informado;Não Informado;Não Informado
d66d5aa51e0a7e3c89458eb9f94472a0b9608816c4e496f654105ce598c455e8;10000499;Não Informado;Não Informado;Não Informado
8b61cb4f2e356d646b30fcd410b9de1d841b6ee6c329e9b43b5b08bb3ec2a19f;10019900;Sacramento;CA;US
ee9092da65768615d4d994de64c8b78cd4a082f1fcc51cb0c9cbe2c6222febbd;10021415;Indianopolis;IN;US
f73674a1e325cee5d2d8e5160b7c91ce7454d6345fc5ca7fcc2fd2b36f89451e;10025583;Nesquehoning;PA;US
91111aa1dfa42befd27a0727cb14b7c6081f939c931771f874ede5406cfd61da;10005099;Não Informado;Não Informado;Não Informado
36188d376d3ddff5e7f6e961c6249e08d46b111d01194d2f3b66970edfbbae18;10024880;Não Informado;Não Informado;Não Informado
4f045e63d413d3282ad5fba62d072b5c50f2e9b0be2341e36d380852146ace7b;10011198;Framingham;MA;US
33bce53f6e5e194a978b9da7397685f97b8711c9e7bfd421a41d747768b85b75;10025022;West Midlands;"";UK
1a3199e7e9d9a0797b0bc6a9fc6dd6b08ad7136dd3b678cbd08312b19168171f;10019388;Ft Collins;CO;US
64cb69a4a224e22b0107e2118f121e30c215d53e163a07b5512ad5e1242f5f0e;10021750;Não Informado;Não Informado;Não Informado
a8a04940e7341a5de28aa58c482d35fc8b6402d16baf956effef073320264e25;10024704;Não Informado;Não Informado;Não Informado
9adcf2183ad8f3007c16900b2097767f6a7f02738b3598d0504da54878836741;10026581;Savannah;GA;US
84049f74e0a483d71265ecae49a88954e6baa88711380fcace9528c8d285ae03;10022201;Carcas;"";UK
e5ffbef84f438ee4abaa01eb4739c2378a91a1f4e7e604f389ae5e47e7ef748d;10020931;Bozeman;MT;US
b838f31badf3bb096172d173050926da4f174b19bc4ef110b518a7b3fab0219b;10007123;Little Rock;AR;US
a8a883c35fbacdd3153af53e97a10511ab570d113454621681eabcbb32081fe7;10021911;Te Rapa Hamilton;MS;US
85ed32efea12b921a211fe5439a21f943baa44aa466764eaaa42c7a109d57889;10013871;Não Informado;Não Informado;Não Informado
682b1162443d6117ada9c1dd24848c9044acbf357d5c0fb81ce09524ceffe429;10002969;Manassas;VA;US
8060db5e89886d194485d4f6c0ffaa0ad685a9c61fde794c9bfa2cd190d54088;10022240;Mississauga;ON;CA
714ddc20ee908ef046f59e20ea0670d4e7c3351cb4bf3c53c59a22156d1ac650;10023447;Tulsa;OK;US
ef6efc21533e87924c742348e70c04e72284288db3d16fc389dfcc5dca1ed07b;10015886;Não Informado;Não Informado;Não Informado
bbb4b97d42adb00e2e8b2b973885265e5c33d6b4e0244e3fc3fc2687734955f2;10015253;Não Informado;Não Informado;Não Informado
c6f270cddd146e85868e2495d30071bde91d30fc3da46e8136c81b575545cfd5;10019678;Sacramento;CA;US
6f810ffd6566f326bd171b71b2f498bd49fcf8cf1f4c0f3509cc152098fe919e;10021977;Overland Park;KS;US
08104f733c4d1ed73c1b5768a1fbe392ef6226a7333c5492ba6ceef717de1417;10017072;Chicago;IL;US
8ff465698df0a965d9654c6760f9a070ecb27276625ab31a6a5102f7a9b3081d;10022687;Burnaby;BC;CA
96a7c27c994d217a539c35711d0aae78bdb7cabccd48efc75ae1a33f32a5e431;10002149;Não Informado;Não Informado;Não Informado
713265f324247b285e4ab5dad5bfb1a4c471ef4f4859588f8ddd90efdfe07d6b;10002137;Não Informado;Não Informado;Não Informado
841bc1309cc33f6360d60065829bb4473f1da1816d8b0398941bf66d44b49013;10012885;Não Informado;Não Informado;Não Informado
79781f54b6083f9d49d62c6dbdd41867ad4d2f8c2d459eb2a18d43c08e9ecbf0;10002506;Salt Lake City;UT;US
dca871557a32390b012cef2f4ba8c457f8f2831c14d3ae2eacbcbad0fb5d9a9e;10020181;D 95326 Kulmbach;"";UK
4495d00ded6e79f04b8244c90fb587962629b807dc5aee55139d34d7cff19769;10002240;Medford;MA;US
a81e81fa68563c66dfcbb6d293c6d87f0799c05f85fd4f3750e5b008ada2135e;10002161;Não Informado;Não Informado;Não Informado
0d6e55f304a06d1eec7a6bd29a4f583ecaddff22a086f495f91c3058e5e5e6bb;10016047;Nashville;TN;US
c411393212355ebbaca93057d02b1f82c6194f4bd17efbce241d7925771933d4;10025300;West Sayville;NY;US
a19e0fa9b7aafadd3cec5110924a65b8de634c057f77de97c2b8d9b35d28807e;10011345;Não Informado;Não Informado;Não Informado
da988cd980ed71f2285c4e40a2c0c411b9067b95305fc892e27d607587316c4b;10027050;Milwaukie;WI;US
b1b6507c61147199555d2b0ff23904c4701863e6f94870b9aa530900d145b1bb;10020445;Rapid City;SD;US
14935dd1d82be777bfbadf138229e83b0438d596b0bdd5d1808cfd90b896ddc7;10025515;Jackson;MS;US
64921bd065256278fd17e120f5f0cc8cdf2281535da08ca1926215615c181400;10022678;Richmond;VA;US
4013e3b0b8d88965746e122ddfbb86c7d5e8beaa01f9c622e3e0a26ed716878a;10020388;Glen Burnie;MD;US
6c4791acb744f72992250f3ee08f6b90bf5b991d07451918acfcb15a6e716243;10026521;Quezon City;"";IR
68171c7fbafcd66d2b24b31dfec6d11be6dde3b59aa9ba6b6cee6ef09f5d3b41;10013011;112 Reyjavik;"";AU
b472a8754e4d6046168c2df11946c4e5e2697d88c4c44e1e397f52079df0e782;10008593;Highland;IL;US
ef6b275c1a5fb33e2091d1f098a3f748220d65a9fc855a5ac2055ece8bbe2c85;10000481;Chicago;IL;US
3baf8d06db6db80d050aa36b21f376c6d2832cabf6c95110e19ae9af47b7b850;10021804;Não Informado;Não Informado;Não Informado
3d845092b1b8641fba5531d2e550ae3544eea50917053480bf9fb958139c1b6a;10012715;Exeter;PA;US
c79e99af9799d54812382504d0c1b68aa4d56d0c89205c24c6997c108680f94f;10013899;Não Informado;Não Informado;Não Informado
6c194bdc56962ae015c6d4722fc5726f85894997ad7ea91d408d5b9ff0e7521b;10021411;Não Informado;Não Informado;Não Informado
7ce473273b22c2526a1ab876568712cd5b7b771aeafd12a2bbba84eca82c76cb;10022434;Placentia;CA;US
00645baaaba88d5e5764f20c259e4bdf96682859740b2124bd39238dca131d8c;10023275;Portland;OR;US
4a7608a8da0cfa26df01f02d097605658faa9ebf808752434aabe2269d611451;10022444;Livonia;MI;US
2525d6b934365188923a97d8292cec1d55e99beee3074d606c87645da41fafa9;10002489;Villa Rica;GA;US
f6d0018af42b7cf689b88471230934e419a65ce26b49fc91981dfe006302a52b;10027348;Tampa;FL;US
d153e5f253921800f57461ab969fe1975f1a61f094343bfb3d7c702eff8fa4c3;10020491;Não Informado;Não Informado;Não Informado
5d759cf3a2dbb9c4330bb060046397575c2ef81dfecf39b54ead3ffa1f965fed;10012158;Não Informado;Não Informado;Não Informado
1619ede0531ed95721d81e7114cafa375dfb7d65ec3c0f4627b986d6682534cd;10002144;Não Informado;Não Informado;Não Informado
7b20ed033486338ed615198994fc9bf3e0fd378374fbeda6c5ea34e8643dd02c;10012600;Não Informado;Não Informado;Não Informado
2149959acbf347a0ef48c4dc460cbf1324eaabf2bb192f3ef855206dc02bacb4;10013252;Irving;TX;US
ff1814335db9b8057a5840780f96e6fee034f66bd19c7d61ab732f7f79f527b6;10002153;Não Informado;Não Informado;Não Informado
b6d494bcef25276a129afb1dcf3758a74afc811e870b516579771eb9ed319b6b;10007120;Rexburg;ID;US
20cfad6060911c562b48191519abe2aecf199dfa29f42aa2629817998a56a6ad;10024262;Oakland;CA;US
eae680ae1abc6964c8f417f983d7308c8e5a5e966538468e3916e5e3691ea63e;10022183;Breckenridge;CO;US
245f584593e1a46fc1a9136d9f951c7fa6b8c402ed0a19a67fee656096a52c7a;10025302;Tulsa;OK;US
2b0043133ca9e1d7e94931c5669a9578672ce0935938a7760ab3f119197d5ecc;10021239;Não Informado;Não Informado;Não Informado
d7608d80b32fbcf7209ba13f08e01084478e68bd1d0bd9c3de6663e48708f647;10020662;Jakarta Utara;"";AU
56feb85ba580f4040c6868069c6b0dba123c56be7d3b1b25ae4c120177316b32;10026532;Garner;IA;US
1cf4974be31e6c5b25108838519de22c61435bc00401726844f4f4de69b85dd2;10017036;Eagan;MN;US
0a5ac16f6906250509786a399c6f54b015835fcd621aeff057b808e627abb85d;10022725;Norcross;GA;US
38a95117f3b142e8fe3d5837811f3ccc245ff10771cd73421301ad9330a00cc8;10027572;Elma;NY;US
933891b0d51fe30efefd55213a0895c2ff9afd2dd51abfa476ba3fab28ba72f1;10002140;Não Informado;Não Informado;Não Informado
8be282eb048ca39c51f685745ea9b86b752e2c0d228504283faaeda50232c203;10020672;N-0598 Oslo;"";IR
84bf30d3dd50ad3b8dc1c674cff24a827d63dc33b0084b7cacfa9adfcc853e71;10005376;Não Informado;Não Informado;Não Informado
cacc39f233436b828873111d5d8ac90405f1d3346f89af2be23a67d08d0602dc;10022490;Overland Park;KS;US
934bf8bc6d66b971fb65d61dfd12e7395fe6995e13686ce875a8f75f9be53992;10016780;Não Informado;Não Informado;Não Informado
6c342af2b098ea8157df53f40af5d8fdb477335d65c5758bf6b0056f81894208;10001818;Não Informado;Não Informado;Não Informado
f35b8e556399d2810688ef73274aba31f8887b3f1a7de0cbb2fa77f6e40aae66;10025288;Furstentum;"";AU
baa9533a94988a65aa68536885c6f19df0f49a0d992a5186ea9a3e55cc8271d4;10022764;Ocala;FL;US
1e957b4d63d8c7a62acad2558faad0583257ff3c380c7fa806588d597a3abfaf;10023783;Pine Bluff;AR;US
0f15e7ee1cae1963c629ce503983474aa6afd1e30799e51b0b4237524e4ae9fe;10009606;Kilsyth;"";UK
bf0d2238563874e352e7a4144503782dfa053e00ba980b08a0009056e19709fa;10000496;Não Informado;Não Informado;Não Informado
68aaffa039c232cb2b1dd1263aea93e3dbf4869877bb20275108fd1c1fdd4ec3;10020663;Sparks;NV;US
9520dd7d82e229ccbfb966aa52310c6f2b12f98939a299f8630e966db8b95e65;10025251;Wooster;OH;US
fbcac0e8e62966a6de32b68b9b5ffc7726d4f6057ca9d7bf30ab6ec573dc1b2e;10016564;Traverse City;MI;US
7cdb81b39589af4f6386fcee551859cf017ad683c953234cec4f000b8c387c07;10013052;Não Informado;Não Informado;Não Informado
3554b94ccaf8dfe08f8e79eca21d00954d9d46827883956b448f07c3f145c4b9;10021175;Johnson City;TN;US
fb2d27a0abcc353898e70ffbd115fa26e932299d31d73a59a9f58c31ab105539;10006848;Fredericksburg;VA;US
1495ad86228abde8ffd0b4b05a3d189dd8e1c7b79a4b5330dadd86e470ca2fc4;10025237;Oakville;ON;CA
707d624d3ab89081adb0a34b515be2c3d6926cf14bde39e6d5b318b6900e0758;10013079;Não Informado;Não Informado;Não Informado
d70438541ed21faa5ff4c1d3a04a057a348a0057322afa60a970639d83abd706;10008381;Puyallup;WA;US
3c042742d51e9e327a64c8c37d39d06e89353f517e3b08bd90a05308e9f661d4;10027082;Edmonton;AB;CA
3a642b2ff0e47918f6dfc8996e3d52ffd051e2f8ba7447969cce498782812e1f;10014540;1980 Santiago;"";UK
558a39d99ad8b2f1ac7d168555ccc593f6b5056335d42aaece50a49779ddfb72;10025418;Não Informado;Não Informado;Não Informado
9ea9ff55da63ebaade8a2d75b54104e25405442901f5a4b4fb04aaf30696a291;10011018;Não Informado;Não Informado;Não Informado
6cb7837c38a2f7f4b015635e4d0651ddb65b8742d08512c9071ef2c0d546c024;10002154;Não Informado;Não Informado;Não Informado
c8564ea8082f0213de7b6472c333aa5ed28fd5bd077ec86464be15d80bce13a4;10021412;Clackamas;OR;US
f486e5c2fc7d71235c20199ee08123e2da58681ba258cf5325c63a7ae3506432;10009662;West Point;PA;US
414a777fd9f9fdcb9d7476d71cd8170cb692c75529d982b0e9537b9b3887896a;10007134;Não Informado;Não Informado;Não Informado
3a7ffbeea8b2982bb3988f06c1cabbe3fb8268ceda104fd724604d8ae8c10b06;10014810;Canton;OH;US
b3e3d6f443bc2f24dc3fa22eca44e3dabc8c8e96362cff8f8502e00b2c678a5b;10009654;Brownsville;TX;US
d83905a8f11c7d789b1cd05013069a3f1339dcd81d30484ec088d02a5031f340;10021286;Não Informado;Não Informado;Não Informado
6cf29ba99dedd03095cc80a585419c02e32b879fa410a16d59cb25ceeaf6b926;10009631;Corona;CA;US
93a80b2048534a353369d2cbf56e86c72dbc3a9087b2ae2e4b23cb3aa1fb321e;10017576;New Orleans;LA;US
19bac57cea70d15d33fd429584f8e4eb9475e907311f092e7931c1fecd0aac64;10026268;Surrey;BC;CA
44a4304759cbc5a3e599a7081b6c0bcbde6695edbb3e2c4453199b5f0c1c4092;10025021;Depere;WI;US
f8ce762fc5e91afd5ee3a19c9000df7f176d7699121d224f685a0757e11398af;10023759;Birmingham;AL;US
fbfc83fb6a78dd1cac4bac784bab8650bd2cc69376a48c0326499bbf5961a26c;10016588;Schertz;TX;US
a3848d1fd92cb7405beb2edf712fdad73844e7b90c853f4a0f88e81dc29a322f;10027560;Odessa;TX;US
aa95b7113656acaf4be46375903a005dad858ef5d9b83ce7fe857978568c08b5;10017638;Roanoke;VA;US
34471b043d62af251243db44a7fca05087c6dfa57b6d9d6460518f4467e40e4e;10025038;Mechanicsburg;PA;US
d8a1ecbf27236cfc687b7db6b9b878daec7f5868e0229d21874c3ddd2e7acc95;10025769;Redding;CA;US
72bace99917723bdc085467a388ce6c09ff10d52bee701a24c37b99b843ce997;10016303;Buffalo;NY;US
94d15ea82f712b5eeb88a02edfff6c86d539df5649cb4b068661d0be2630a80c;10012128;Não Informado;Não Informado;Não Informado
ce4ced3d37a3b1fbdbded330d2d68a54e24b7003e6a0801a94d6cc1d476322bc;10015030;Anchorage;AK;US
d98a50721e47662817286c52a87abbd7fc4efc32f43a593c1de32e4f28ec26d8;10016542;Greenville;SC;US
b9486e22a872dcbfc5cf9e7cf85c9bd590a70ac2e3539e187ef74d82fc59d7ee;10009669;Não Informado;"";UK
bad1b29b2e6a17bab8ad3a5c514545e712c1cf60b8bf5a5351e31fe79869204d;10013238;Janesville;WI;US
4a7451bd55ef1babd57928b0573ae0a2bf9e01419debdb5ade0a192782dfb939;10012235;Winnipeg;MB;CA
f07eba523b86115928ae144e3ac7acddc7920e893ced403829e3db5ca10538ce;10021472;Surrey;BC;CA
3aaf7f686ebb4a3b19ffa9f08af5af98f6ae352fcb3b97dd8d5bcdfd22f25cdb;10019617;Spring;TX;US
d0f693000af173d200a9804b6d54f7d9ce8031b08b6cba32e9b51809f93bf6e6;10020914;Calhoun;LA;US
f6d7c5bd55ad673c17e51f9e3fc6654423c3257ec3129c7fd409b2e99c4d08ea;10019150;Jacksonville;FL;US
533b999650ca4af1128af270fd06c5d5f78be4c978ebb1f93a549c7e511ced18;10010887;Edmonton;AB;CA
7ce347e144a365a466a7b5bd60a7f7d98bd1d1d0fe72d10e661f7126f7f513ff;10010882;Não Informado;Não Informado;Não Informado
1fdac36fce6624cac7175adc6d83f339b997fb42f64beb0e136bf7bca7c004bd;10005688;Não Informado;Não Informado;Não Informado
3b01f2797664143a5c84232aa7ed9e504cee1f19f89f55d9ed79f830f7832f6d;10021305;Não Informado;Não Informado;Não Informado
9cc44f4cf937ad53dcb1f9bc3d0bc7549af6985c27a4b7557e6d0945ce6f4678;10009907;Elizabethtown;KY;US
e4fdc03aa5cab205417b3d22af42568f5fb7f867d75fbf645d4fd5980a5328a4;10025023;Saskatoon;SK;CA
301f9a2c4568f68b1fea3fc3292f2fef176d8cd2c1c6dfe327051d0c490b7a74;10021160;Não Informado;Não Informado;Não Informado
24ac75d073edbf6036c0d58c77459992b78f09c03fb3c093efc865b34f33cebb;10026365;Não Informado;Não Informado;Não Informado
5b462bdc127b2135d16536bbc2de71b81c884aeb197dda2a4e579b72104023af;10020390;Lansing;MI;US
3f6305432a18058be8ea8788a51d7aaa44a2f5793ea9655a011663a9be813b39;10026291;Poplar Bluff;MO;US
361b1c5d3e72cc15e3dca3ac6d0bc56934981f217c2dfffbfb29b38714200f9c;10017585;Milwaukie;WI;US
be8e24f6ee9ae7c5ce7bbab5a2f30a7656d06456436e081c760e60cac0c68ae6;10002128;Não Informado;Não Informado;Não Informado
3db5feae3e9f33fea6c367e4b9464100741ecf68675efe62a66054dad4b678bc;10000472;Van Nuys;CA;US
c2575d8a65824c8d8b253779f8c34a82e8b0774cd60e12fc655ef595b5a430da;10023509;Tampa;FL;US
61e58297d827a93cd2efb181e6f3865004c4a301793e4706a644a01c1812b048;10019952;Não Informado;Não Informado;Não Informado
a234c3fc0e4d43754e1cbb43ff6810b5c5dfd13955fb21265f5db555aee1278e;10023703;Istanbul;"";AU
b7f1ba0a5b88917bc45b957979078fb1eb9e2be5daf0efc3c03d2d88e8a1aa34;10000475;Charlotte;NC;US
88ae41bb2b29b6ba4bde7e5bad8b4c0e396a83c396e950bf0b88a89ef43aa63a;10000461;Boucherville;QU;CA
2c46469bc59fb0fe6904def6de19c4c31714c5cd950a7a86c16006e35f1bdcc1;10019420;Ruwi;"";IR
5712be9a28616f542531f4780f3d932cb4441fd3e43b97b25afb40ea6d0926d4;10021242;Não Informado;Não Informado;Não Informado
0ed99e5066427477b9f6bed731fd2bfb6f694d453f4c53d0426798b3f290871b;10007566;St Joseph;MO;US
a4e337d3edbbafe3c5ef16d201e3153038769f2ae0228adfc76516d506c474d5;10025296;Sun Prairie;WI;US
2ebb66d275c405f9bb74243214a451bc3d04a7b2ff6d951390faf7d4a4a8e2f7;10026081;Bremen;"";UK
c7204cd91f2d9ed7d0dfc4266a9d46f606990bb5445544ad9d3d279642067260;10015275;Marshfield;WI;US
3523a2269884ab25833e77ba78d564e0b4a195e41cc7b21ec51f7e95ac6630fb;10016784;Pocahontas;IA;US
04c435bcfe8259d44bd997044e804d99476b7f4fd94d4ea2a358bc1408e98b74;10019664;MOLINE;IL;US
072f6b3d4479dea14c9fe257ef3d63b44072a85f60449a75980988acf3cfcd4c;10025061;Canton;OH;US
b5820d7a45d88a6e28699963a59414741853c8b6329f48c164e278e64ef794cc;10025036;Kansas City;MO;US
862beb4183005d3b98a07cc189ff276787ca5e4dfbf62262faa5b40bd83c9171;10025758;Oklahoma City;OK;US
bc8c4d42eef63fc1e6a971546a2ac74ef592542e6321ccb26f27459602275b76;10017314;El Paso;TX;US
e20719a608bc6d6fc627861ad938b7e7e7760a5c9a3e23691905aaf139d3a709;10021231;Middlebury;IN;US
b90a5419145d068b681d8429fe74cbfe03d2620784e0bdef764489d3bb43a22f;10008638;Milesburg;PA;US
a2a31a511435f84c25d4aa9c5bc828f6520d84246c6a173ddf89b0840b7656e4;10013341;Não Informado;Não Informado;Não Informado
dca3e3f6740cf0bc6a5c83c9a56060471cb477a95958bad122bd6e04b5d7ba8a;10015011;SE-132 28 Saltsjo-Boo;"";AU
4dfeee45ca6482bb17ce46cd09b337ee7efcdd12af4a9c8d51db6496a220e54f;10023964;Não Informado;Não Informado;Não Informado
af715ba5c1872d2d597d70b795a70096f7d5a0157ea8dfa5f792804423d56b95;10012157;Não Informado;Não Informado;Não Informado
0d5994ac50cf9d3ff2b5740c45ff5d0bd37f71ce03dd4b7af9101bfc824b681b;10024942;Não Informado;Não Informado;Não Informado
e54699f43a00620dfea384356ef98489fb1d5708fc0d7b554c2f9dd27729a1aa;10011089;Não Informado;Não Informado;Não Informado
42d75bccba80a1760f00c1afec0f77c4772e919d6243862041a104b7c1f13b63;10025241;Hamamatsu City;"";AU
c313c3b99d65ae5581f4d42d0bcab2ddafba9e675e110ae8946e965b30a6876b;10010914;Overland Park;KS;US
e70ee710ef87b2ca6cc4c5803801fd5eb572c92d03658686ad87eca1451f3d36;10009647;Sacramento;CA;US
10fcd2a88efeeb5d4daf76dc4c4c674d05618fa05c421364c9f4c511903d479a;10019909;Shawano;WI;US
ccd8e1592eb6d5dc65cce8d5e4cfb81569db4cce2441f7384b1856a3be27e16b;10014264;Springfield;MO;US
e3b0c44298fc1c149afbf4c8996fb92427ae41e4649b934ca495991b7852b855;Não Informado;Não Informado;Não Informado;Não Informado
2e0716e13fd8f75ccca3763284ca6939695c9c854c0ee4174e57b28fca38bddf;10014043;Guadalajara Jal Mexico;"";IR
5c06396d416beed9a187c62f716b322a8d36f58dd14675d40ac14d93f9032baf;10020080;Não Informado;Não Informado;Não Informado
5287a1c04530008909da03c43302034d5b80a6e67c8c712489dc13ef9bcdfdc8;10019682;Lennox;SD;US
7f1fbf8d56c14f3456121cab8ef585ca2edde9c1a910dd174607b4da1da702b3;10023538;Fort Worth;TX;US
105cd488fc74c35936b5a33e15c3662abd56d7d2193d1d44e6a81c07fd991911;10021223;Wayne;MI;US
fd104f50d6fae66f0b807c12a85b476804d15b0b37faf633501ec70b3cbde843;10021240;Não Informado;Não Informado;Não Informado
f68ff4252d1374512473f4e32ba32511169642937b666293f538c7fe071db4d8;10013572;Não Informado;Não Informado;Não Informado
01e87fe4e6173075981dab24500008a5369fd8f5bea8b5d41d60bf9e37ae148f;10016548;Mobile;AL;US
753ddd6686b8908d38e2b33b714b0be1e975f9f27448522087db618d11e8f244;10011600;Não Informado;Não Informado;Não Informado
8fc2a43ea838fc0f38e0a2341c7494a28a016db295fd967c5fcd4148e4299eb3;10025778;Pomona;CA;US
043d8c5439e448b0040252febe9c4f3ecd2178e30bb5e15869118c4178a6945d;10017828;Cypress;CA;US
