DW_LOCALIDADE;address_number;city;state;country
1a3aa5292278001ee66721bd57302eba2913fcfd20e6d4278c1f5b558e8a6ed0;10020492;Não Informado;Não Informado;Não Informado
206f7aa6ca4676e63fe2375681d03a1dd580becbf13d77f26b526b08cbd73867;10021175;Johnson City;TN;US
ca99f4a66edc392916f8ecb1bc920c524e6310f43b0280a017d01aaf87d0b473;10017290;Bogota;"";UK
97c2f5b4afef4155e70184a17ed37d052b42352640fc0004b0e6dee82fedd7ff;10011355;Não Informado;Não Informado;Não Informado
561601e1df9aed54f7e9c105615a62cf02f8b0dc99e6a159fa926ef807a477e8;10013232;Milwaukie;WI;US
31141e6f694c778d83dbac0591d4e5187a710f1d3b0698989ae22e5422dd66a5;10009623;Gretna;LA;US
6cacd96001e8c1e96489fcd7b29c1600f195ec451687027e72ecc0402bac1934;10025034;Corona;CA;US
773bc62eb9327ea7a518ff7b30738e98e27972e07ffc96af30543e73275f5ab9;10022444;Livonia;MI;US
bf52047b35f161ed163f9af8ca698c5f2c490c69ad2549a102f3a004952bb48a;10002114;Não Informado;Não Informado;Não Informado
502be551f7b9df60b53e2a1020021bb6a4f73aad874721e75d842943a1eb9687;10025239;Não Informado;"";UK
e6fa1ff852c7b9f052547471e81a8720ecde22e85e77b0ece457d2a3c509801f;10021270;Não Informado;Não Informado;Não Informado
c8b3f326b339f28991730fad9a7ffb350a25e8e19875ca2f5c587d72c2d34e6c;10025288;Furstentum;"";AU
efa5f8e7dd7a76118ab29987fcf4e4301da6167ccb7db169919f2852bbfc4285;10026062;Houston;TX;US
979e33f01288606fba717fe1208bca993a92f11cba9aed1fbf533419ebb81956;10016303;Buffalo;NY;US
3cec200cb36430039516ea0d27bc0fd3dd2d1b5a1f25dbe21fd60a4dfd4cddb2;10003554;Não Informado;Não Informado;Não Informado
b28eaa795e85578b38b687bef584c1be22f5d2a25c3328b1388967913db38947;10016113;Não Informado;Não Informado;Não Informado
ac9cb5c1b5596b3947c159d5cb07052e177f43fdc65422123085116142a719ca;10007183;Não Informado;Não Informado;Não Informado
7da7f3bb33bc5914b38fadaf464e110c8b9c8151046a3aa741492e1789f9fef7;10022962;Não Informado;Não Informado;Não Informado
58892e5c3846a32102e16d57645271972f67e8b38782747ca2bdca72c2f8b7fd;10018363;Panama Rep De Panama;"";IR
794de0da40c6f85dac0f16b8c054ce9ef2fad692c7d6d49ac99834a9bdaf2caa;10010865;Não Informado;Não Informado;Não Informado
1c87cddc37a4d92be77db9254b906ae6109c7f16b5e48fcd0407a9b5e5ce3eea;10021422;Brea;CA;US
ccaacfce618b7d6659f3e81dc596f03cdec4dbf323a162153e83e19798445a59;10010974;Chippewa Falls;WI;US
f8c0ab603b155a002eec6aaf84449db5b2b18a70d1dde52519fc86dee9a312a7;10003882;Não Informado;Não Informado;Não Informado
0675d362d7c8146a8bc4f038896ee208648e8c92c7bf9134a48d63bd46b5e0df;10015956;Não Informado;Não Informado;Não Informado
1f4b8fdf63657e4325a5068e96488944140518c30e5f4235d7924b84a4551286;10022167;Georgetown;"";AU
f43a3773f1ea596f14598da15df09c89c01bf4da4e8742af6f134086802cd535;10013509;Joliet;IL;US
72339cd59fd93f2a2b14f92e27560d0c6f105815387dc602408cba069d6a0cb4;10007564;Cleveland;TX;US
9301c04e1076396da80f3eaa9d934e796a0e9087e725c5030a9698c3a8747878;10018868;Não Informado;"";AU
34ef01db935f8388b85713317c06baba656da8221b33bf74d01ad1eff90d1460;10025287;Brookfield;WI;US
0bd1c01dfb935f7e4799ac4fb9a9aafe3049cfd546afe72f81cb33ff8c113302;10017036;Eagan;MN;US
a70cab7a00c215fb4d4e37e1050e70086285e52fdb9cea021cafdee3f840dbe3;10025583;Nesquehoning;PA;US
77b5935fcf302d3ba2f5f763b611f310d98583b604634b62cbb1f8ebc1ca98f2;10025549;Shady Grove;PA;US
b5d7d351dcdf1a23a407cbaef5814acae03358386faadb77a0bf6c1b5310ce21;10005922;Não Informado;Não Informado;Não Informado
bb603f8e9bc81fbe9b90b7dd1131abf1db8121dbc18e4fbc1301f4fb737d22a3;10021006;Não Informado;Não Informado;Não Informado
fb1df539d3eb81adbcc42d845d86fe361f57e23b67ebe3fb0fede8a341a85601;10009697;Orlando;FL;US
d2e638b990d4afc682063aa44ca0d356c78d7abd5041ddc9616a146fb05179a6;10005861;Não Informado;Não Informado;Não Informado
a52f14b3260f92307c8208c862ce50315976919e7b6a7e20d13fa47be0285985;10025769;Redding;CA;US
eb8be91b516892e1759a6bea4b7056f7150102928c1a229621b1d30ae52492ab;10002709;Albany;OR;US
0b6ee8b87d5699f30f16fc53bea860c741b8240e6b3601200256b161c2b3f693;10025289;Fresno;CA;US
b7597fc938841d6b9bd20d6ef4b5787a3aa8e6969fb90fd7efd15d176dbb2c66;10023538;Fort Worth;TX;US
e0e0396d738750110f94f400dc8c0f624da49a016740d328883714d37855db5f;10022470;Ormond Beach;FL;US
032206cd753b273f7fcf2ef148c9ee1420a1e5772efac584973a90aac0ba0d55;10026348;Mebane;NC;US
de58394d3b2d9c0f6f7e1066a27c0fb692d681c3e7d9fef958f2ecdb19db601e;10024034;Edmonton;AB;CA
9fca5a81e03278133eec6446f8cb13ad49b0fb246938b72eb9d5fb40e1e6e098;10013870;Não Informado;Não Informado;Não Informado
5918319d6cb981bc463ba09e886645bc7b52c96bb5d691722cebb2d279afa00b;10019897;El Paso;TX;US
30129e5879a63063926790450c06159b30e5c932748e772feb0077a82ff4458c;10005006;Boise;ID;US
bbf828950414ce95efde6b5733efc1654db97ed9d9cfa06d819254efcc0baa1a;10026078;Bedford;OH;US
7aa220ce63b3321bf1d1c419f15364a3e7a2b08b2fc655bfb6b7875066f2cb7b;10022730;Warren;MI;US
9773ec1541e391b9281a52ce0010cb02219134d993ef275f64cd8f2a67bdcb7a;10010912;Fort Smith;AR;US
f22ca26ac8e3cacfcdd1b3503f66cb3566eba6f86bb8eb3afe50093b3366bf4d;10020306;Não Informado;Não Informado;Não Informado
cf9e9e42bf0745925fefd3c474d22dc74b14d140ee5065dc2cb7424afbca19d1;10021494;Não Informado;Não Informado;Não Informado
20f5dea42bed3c8b873273df6048f130d9de87fd9efc40edf3075f2b85bdd568;10025039;Mentor;OH;US
2e5355f9cb041e96f9a07d28a673dc610a4b4a3e551bbdacfeebd981d4f46401;10026055;Eau Claire;WI;US
da913ac349f84da9ec913806c500b785cee60c32caf2c563d8d8956b5f8fbef1;10013397;Não Informado;Não Informado;Não Informado
b841b554ddf106cce65d0dbc89b65c97a00525d3cfd2376966de6baa500703ce;10022755;Johannesburg;"";AU
7feaf014a6f1ecc0e7e6b20a52363e81eeb9de77894ca0d5946ddba6df8458b0;10021300;Não Informado;Não Informado;Não Informado
51838174eff8f14dd8f897c381167297776763eb061ee642e2466bbdfe8b0c06;10022240;Mississauga;ON;CA
99e2ee7d1d3194394bd818da04a09dcd827746907ef4430be273798d2dd525cd;10012927;Não Informado;Não Informado;Não Informado
8edf6856b420b4c1b8fe8fc39249151a14e3c65a9ba2b692afe729aa65c52a8e;10011093;Não Informado;Não Informado;Não Informado
e92545a1aad32a3bcddcbbb3f6360c5643abce6577d9273044c1254636d73cc1;10014803;Grand Rapids;MI;US
d550cb805d6ac94d931551dd0f4aa928e1fe59fa7d90d5ad3137a695dd9edb00;10007566;St Joseph;MO;US
c13d0b6d0483db8a3e24bf089a70ec5cf4da31ae6d599957ff2f7b81e34d37fe;10015824;South Bend;IN;US
ce286b8b108e9f648f5c4c319e1a7c34f63dfb2a4f5bc547f012de130f76a87c;10007457;Não Informado;Não Informado;Não Informado
30ae6d4c4f6a5ea54bc3a332aa37e8beb364efdce2497c28cb73bf1d7a4916a6;10025158;Não Informado;Não Informado;Não Informado
01c984c0c8c17ce11b75ef9167462da251134a3b43f0e61bb8513e636a790a9a;10017585;Milwaukie;WI;US
bc2d4bf1b67456ae2e373f0be591a71089e970346e65e602eb2780f42bdb49b9;10026038;Não Informado;Não Informado;Não Informado
8e9329e314b5f6cba2eb7a6ceeef5672bfca0a1513f408126ef7066e85c6385f;10025036;Kansas City;MO;US
dddbab816655eb9804067620f62836cc8506be3b00f9f87e61af2d9190812d6e;10019512;Não Informado;Não Informado;Não Informado
f796faa2b58019a52389329528a90022bb9723fb036d352a054e9d3b4c0ea459;10018146;Fort Macleod;AB;CA
5ec7de31276741492d98d8ccbe47755f7c2a69507c0a3f646175cce83444a8c4;10020515;Não Informado;Não Informado;Não Informado
a9da9382a659f9d73b5bd0f61fa4a3abafef01e986f85848637028d1f12d32a6;10002139;Não Informado;Não Informado;Não Informado
ef095cdff89eddaa00b0cd770de6fce65f60ee2c6f066855b042c9212aab39b6;10001786;Não Informado;Não Informado;Não Informado
38bb2f62ea429218e295290d2675bba9b070768ba801389bb5b19cb8aab3a3c3;10021412;Clackamas;OR;US
717c51e5c4d3e0e88a3f6b2b1ec50c48459ffc6ab155575deba98d65a5515ba8;10023785;Columbus;OH;US
cb602d2df4ae866b0dbaf24d3d11d50be03a91144c490390e5438f4023e371e5;10017314;El Paso;TX;US
74982311983041ccf584cf5acba1d2e834fe84b25bbe03d6331fff1b7d5c9e7f;10019105;Mechanicsville;VA;US
e71745def727de4c6a53d5e79157557355f948adbc7ce46d0b81cfb51e87b537;10025508;Moncton;NB;CA
d8ddae0cc0c7a071a74c582a128b48f2ad4fed3a3f4c7bfaf5abb5de3d78abe8;10013011;112 Reyjavik;"";AU
b904990d387c43f0ad3b0c31954c1c2c6f0a302a64964bffaa5e5dbf0ddb16b4;10013039;Não Informado;Não Informado;Não Informado
9ccac4aae210ebbf22f1fad5c1063182bb12cc00fbe236f1d8d25b8f77da73e5;10012226;Troy;MI;US
1afb2ea1faea9fac499a289cbaa780db962610b36c6b436550a972d4809268c1;10021223;Wayne;MI;US
2dd0549276cd2904ca793ba094fa6638ba9b2f6af336be5fbcc36c443f75817b;10026839;Greenwood;MS;US
e74ebb56459641b0d42702c094d7930566026e2dd812a029571853c65190f238;10016045;Monroe;WI;US
16d775631ba40bfd8c99a5df11617115e515eed1e81ff473b634e3109f7d4ea2;10010935;Sioux Center;IA;US
c06c869219c58036722d3c8738ef9b6c3bc499ec0117fa16e5c08a67b938fc40;10025758;Oklahoma City;OK;US
71c5d036f8b18d0d3aa4a46100b2a9b00efcfce314ccd63de6d3efc6d4bd6726;10000478;Little Rock;AR;US
96a580c49677a61fc295430b229b83fa4f3abfe9f508a39188784e034f233d8d;10000481;Chicago;IL;US
fd2aff0252c2296b84870c885484cab608a025e0201c78e5937cd05d3114ab0d;10020332;Não Informado;Não Informado;Não Informado
48485d3b5b6eefc7847081e8dcac2f9a12381219157dc658bddc73b1d7fed4bc;10025267;Não Informado;Não Informado;Não Informado
f947c1d38d5d8ddae33eab9c0af7cfe4e0572d2d2af66773b966f7f47785856c;10020281;Não Informado;Não Informado;Não Informado
d28d1cbf43467e65e5d2abdb5ff33f87aa53ea8e6c4e47263a2f43e56a0e43f5;10025246;Winnepeg;MB;CA
b0936cf11010bd89443a1554c9c76b2d6e8c8387556585c38329c59ee5aed25f;10020193;Não Informado;"";UK
e887e25a741eadd8cea2f8187275a0a36d747437260098c8f4a8d622bfe9be31;10007591;FIN 00710;"";UK
57e7a63743f0b5d9ed3be03d948c00dd368785fe68730747c273251a36382d19;10025515;Jackson;MS;US
2727b3153123336193ae87a8f912fea934cd0640ddc17cc8886c269d339f75b0;10002244;Statesville;NC;US
cb3954399d42eb3ee56c3c4c3e000f8a263c04de0136103f8bd5fae8769f7104;10020962;Mercer;PA;US
ebe2b5f27bb473b35fe1aec269c25cb276b48ab2fdcaba11181a641fe392a946;10020449;Santiago;"";UK
7dbd0c1c2671a66ab3aa3ff84ff17679b8c17a9c6faa0094302633a067f664ac;10023023;Thief River Falls;MN;US
bb77c4856779b671b93f3332385e6d5250741a89a25db3fcbfed5d999ea84e3b;10023759;Birmingham;AL;US
0d043ab3cebcf599c57219e903549b6d44df0c892607f7303a5a42507d4bb660;10018352;Não Informado;Não Informado;Não Informado
e7e07034532832a9f384b5a1bec4cf72e0e8fae66717706bccf8f1d561c97abc;10024262;Oakland;CA;US
9a3cf696d0db100d9c1d5998874f08440177af73e9d1070281482b15383d7251;10006093;Evansville;IN;US
8c893764f7d263abb41245675d5337f2a96459ccd4d4dd770e2c7ddfec304a27;10025302;Tulsa;OK;US
70111b644426ef3e54d96a447691cc9c1578d228b8ff0faaf4c9de600150b5b4;10023783;Pine Bluff;AR;US
fadb6409f0ccd95f5000872565d46f33934361b85abf909c539ddfa634a263c6;10013426;Não Informado;Não Informado;Não Informado
68146a89e87f47392a3c5c20803a313e2c8eac82849463ac400b53e118f86469;10025024;Não Informado;Não Informado;Não Informado
e439330ca2eb0bb9ea046ab31d72412c13f036e83b9f2e26ddc4817c50064449;10015011;SE-132 28 Saltsjo-Boo;"";AU
965dcb6fa9342f394d7937132099e05281c3eb82666ef43d5205a963489a4b91;10017828;Cypress;CA;US
0e28745927a9796cb5c474cca882c6b07809fc02c1c1b3c6a16dfe60f472998b;10010923;Seocho-GU;"";AU
f8240a4c0f6f56649b88afcd52d154db02e253c23bf9e103ffa0396fc51918a7;10019194;Não Informado;Não Informado;Não Informado
14652dcb661a79e4f74e5b7266694c0f8b924af129b6db93edd1b09409978ce1;10022764;Ocala;FL;US
3f5defc67763f3b15c73edf7bd0cfed8890c76deb65bcc1a188766bbdd67f650;10000461;Boucherville;QU;CA
4985d66fc446af32f86cbfd1ae268223b5982d6887d1a9ece3ae38240a763047;10020393;Fort Collins;CO;US
a309e7b309ee24b0c619886a26a714abb326c6b5806124f5c42856907081ae28;10015495;Kansas City;KS;US
54168c7a97f55588778d621bfac9284e7690d88671b8821cf4321bca568c6990;10025049;Milwaukie;OR;US
be2d970527af5ecccad934865723425a714ae2807e9ccd1d429c9865f00107e2;10020184;Smyrna;TN;US
bb9a1adebbbe45da2fc197c05d0b2ccee90e40c9f0045e27621bd8b640909051;10024246;East Providence;RI;US
b5909aaf9f290d8faa6b0a8bb74e04ec9474813c7232c69247e5951c3613c3a8;10011052;Não Informado;Não Informado;Não Informado
c9ca6a9c75f2d42ba30dad97d1787cf4f0c7649ad2d5c8a25e07ad4d56535be8;10022183;Breckenridge;CO;US
5ff8b165d8fc332d50560fa2d798b7103b3aaba25e53bb9e288f1a016d63b92d;10015793;Sacramento;CA;US
8d570c9147d1b0b9037f4879977dc443a3ffd4c478d8608d4b23a95ef701d958;10014533;Aurora;IL;US
5d2e6b55720e10af96fbdd51781f932f8327319e22385aa711819a87947a95b5;10009643;Flint;MI;US
0da3452eb94b961b40b9cf04682539c2d5d0c25c096dba05ef7c0198be623aa5;10010886;Libby;MT;US
9b4e04636b04f6ed117eed49e019342b4bd27d655b4bde47fb4206648e88a78c;10026843;Tulare;CA;US
5891f2cead1b0a56f8dd47ead69f32899884e0704e689f9056a9679ec8876b51;10020639;Tulsa;OK;US
ce6f23be135e7fdf4405ea4d646d015dc474cc47cfbc4f2e9ca9787a668d7dd8;10013538;Não Informado;Não Informado;Não Informado
d30cafba0ce44e9ff84869e798d9f4729be9044dc7186ef24a0e867d3ba7c5c3;10022201;Carcas;"";UK
0065d0effbde21490e2ebdbce2082349d0f393d2c2d7fbcb569b2948ec885d58;10016609;Winnepeg;MB;CA
39e8be6e14ddb63b543d8cd69bc71f5c370348960879cee8e9ef94e0d16bf7b7;10023511;Schiphol-Rijk;"";IR
efbcd28bd7fdeed1d17966a708802b3d6f07b4845b097ba5125ed8b25352f92f;10022456;Rancho Cordova;CA;US
bcc5f2b57885ed3cfc518e10dfa2c5cdfe5f696fa7eb779a17ab4e10e2255417;10016807;Overland Park;KS;US
92e4f29d0b70d6c4eb8fdb59152c77ee9fe980489f7eb27b87ce582f3c3c4127;10016542;Greenville;SC;US
aed1196f4e34e16db05b0e49415a8e0fe55ea09f44c64653df1af03b34f768f6;10026081;Bremen;"";UK
dab8c310d36e79048964e5c121a6e5f28dc1b876cd4c69d9470d0db9fe48a40c;10002501;Não Informado;"";UK
8be2c4b034821d06c77a99de4b2d89ed70ec282fe9db93de32f2e396af5f491b;10011997;Roanoke;VA;US
3b01eed33d40b8e4aefc90f7a081051570f84e560ad245790b255620b01c6f2a;10024477;Santa Cruz;"";UK
db72e8eaa5e9801d56d123ee34b8308f18deb2a3bfdde26e496b44d918f3e548;10020663;Sparks;NV;US
b28839417e54f3c4d0d8417701dfabc29a6c00a96c19e476c0860cb686e17db4;10002489;Villa Rica;GA;US
da04324d39863837d69de563f0940c353e9f687c81e0b881b1b161c1302348f9;10027119;Não Informado;"";UK
c784c4b71b8d225dcf6ab1da6433e7ae6af0f8b006f9f148a8c913b6ef486abd;10012761;Cali;"";UK
1c8b950124195b1cd730e1ba664d7afe898bc3e59d517c39c1d67dd32ff87792;10000480;Phoenix;AZ;US
2d1f98fe8aecf44053b8dee08d33f5958e04539047d27ae7c6d7a860cd586c19;10026861;Salt Lake City;UT;US
3bb1eeb0eaa275e2e17923881bb861377a41f89f2577b1d0828536b08e4c421c;10010970;Irving;TX;US
8eec8e1098f985a026f0075cdb9f304e8cdc786c91360b78d33bad1ab07df230;10004602;Não Informado;Não Informado;Não Informado
a29fdde1db723c97aff6c3f1ecef3cc622431e6e30b00d7e181773ca840ea8cf;10006977;Não Informado;Não Informado;Não Informado
7a486008310bcdf87deab600c545140d6432d50dc8a11fc8a19551d013fda3ea;10012425;Oslo;MN;US
7cbdcdd940204cfe4cf42a1b89c0f3b842b4596a723230f134d648c5d6eb10a4;10011979;4100 Porto;"";UK
7b7f19f17b326f315e100f5ff5c9cad40b4d76c6c42f8d2e31ea07b4920e91f7;10011198;Framingham;MA;US
35781db9dfbce0be63f6171d016cc8ae7b7214dea782046e4ec4a5db70af6d92;10025052;Songtan SI;"";AU
6f53c649532c469afcad869effd55823fce27b6861f45b4cb3f6c387505fba80;10011981;Missoula;MT;US
8492e456359ca070346ac07b37a1f24c8c7091dfa565301a0cdbda7448cd1118;10014264;Springfield;MO;US
a1ed7c6208da6e46c443f5d62ab4e75639cea25b6bf14621bd099ae16023d62a;10016564;Traverse City;MI;US
71f35dc490a3ad31bf8158ec2a60d5f477fca12757c55f5ad48284b0a785e4c5;10013670;Não Informado;Não Informado;Não Informado
61661466f4cfb4009649d715625b715886c0a427f32e5529730e45196baa2609;10011499;Não Informado;Não Informado;Não Informado
135717aa5d357bf4b692b7db05ed1c15b13c6e68c838c4dfcd42771ee8e31dfb;10014495;Clackamas;OR;US
b401a517ce006f9c0406638db9c972ceef38f66db4ee17cd451b1ef71758cf18;10009672;Phoenix;AZ;US
5b0617a89d5fcda7e4103fec13867ef302aa6379b6369e6e3df958ab189e4562;10019388;Ft Collins;CO;US
ed8c0ff7c9bf8de33ecf327ea9e21092eabc23403bbc97a90a9dfd80eecdfcd5;10021158;Surrey;BC;CA
ac35c7f4a3968f948157800274386e03b8d3afea430e2876833a70985fe9cad9;10009647;Sacramento;CA;US
7e8733cdf1a38984b3d3044a447a397ba56730325c76de3d99ece22f125354a1;10015267;Sollinge Molle;"";UK
483cfc4c6d1ac0e2fad31255afeac2c99c5692b13efadd8cd31d75f0510d512a;10002526;EE 0026 Tallinn;"";UK
20efbfc80ce7256aa8030a811c5cdba27067448aea7a5a576511cc632cdb3b4d;10026532;Garner;IA;US
0fc04e4a6c6ed1047d358ec8b889738ee0a60f6dcdbf74e1dfdfe2c846530042;10013188;Charlotte;NC;US
8a34e98e4e7d7ef7313904ffbc86e3c16ae7d2c8110f3772abbb08112b8b00bc;10022678;Richmond;VA;US
d3eca5c830ecf6307b467bad2a9deaad6a1d138c8905ead2c63878d4efb9e88b;10025032;Montreal;QU;CA
b3dce0cf69c6b159f626d86324a4a0a885fb7471c92ff45c1e8104e7e90d4e66;10023757;Não Informado;Não Informado;Não Informado
a874ccf855e13b65cdd65ae54150cbad060890f28336d1dee0aadc99b7a7be16;10018518;Não Informado;Não Informado;Não Informado
413af45049730502b4ca65e4bbf4e993d8bb614d2ce926e05690b269b17fc87b;10018867;Flint;MI;US
776922c1d634d4d379a0bd83524a0c97b3df4354232f7af8f4264f03a5191cbc;10008638;Milesburg;PA;US
d78d30a960a52a4d8ba2ef5df2b11add796336fad3f3f0465308ab602912f789;10025242;Seoul;"";AU
7bc563621945b0d219e362bdd6a7cfe1281e71d672cb7e1a3c026ee2551feb75;10020849;Não Informado;Não Informado;Não Informado
e51b96bc68c4232ebbca7b0fd8d317907e4b72b51d64c73ccee66197c8cc8625;10004245;Portland;OR;US
9affad629b2d3e3e2e85130468b69ee8017d31d6de3869691d7803888d70afda;10009642;Joliet;IL;US
4ac5acbd564e10c4601d8bc45b6b943ad3ee60a6f09f27f62b716a4ddfafbde8;10006037;Miami;FL;US
304477912f4c46b23123e3c82c4df30f5d1e8bbf0daad0a55178ea3a49e0da69;10009650;La Paz;"";UK
d247b0b886f6c5d403ff4541ae8a4fdc8b2a11cec8fe3430add8966f3acff789;10025305;Colorado Springs;CO;US
04b5be618e14aad73076f773d29da17a6528cf454cfaf61523bf497836bf633e;10024930;Não Informado;Não Informado;Não Informado
0f259e3013793b46bae0a188b20f49bd28318d65149fda4e5864deb98e3cc53a;10007448;Não Informado;Não Informado;Não Informado
6ba09413f1c3c31b9e16b33fca4d23859363615e1e33c2d16f247d59ca321534;10025021;Depere;WI;US
0c34a6a2b4e42517b6adc6a0abac7bd66956e28fd47cca2901468959b71cda07;10012369;Não Informado;Não Informado;Não Informado
8de9357427fe9603603ce6749ac4e3e15e1e832d88ebcdc453327838002e2b41;10019909;Shawano;WI;US
92386d4a643c944e0ba485be1aa6fb703dec3dd6e995778cf7cf689979ce56bd;10025023;Saskatoon;SK;CA
be2a93dae0e01fa0a6a6e4c5ac893e233f42d2f095f23052512213efdf9fda3e;10002520;Não Informado;Não Informado;Não Informado
7bcd822d66c08db8576e2f87b0abacd3039e95a637906040fbc005c3c3b51c1d;10025033;Billings;MT;US
6bf607ea0b51af8f73f53df9d10168776fe766252fd15c1d23e8a3365c49c009;10011870;Não Informado;Não Informado;Não Informado
acc6675e7a050c7cccb807e037f9b910e97fad022c59f77817d337837c7feea5;10012305;Não Informado;Não Informado;Não Informado
c07caf53004366f1dd9d5bb3dd387768a8dcdcd43c6f9d08b30df3363d2e23aa;10010897;Whitehouse;TN;US
5666d7d36e46eae67275c05719cb4d2c84bc600789f0855695cf5a33ffc10c9a;10020662;Jakarta Utara;"";AU
df729d43f440b4d5eba3ca352d9e09fde0eecf98d78fb689ad77dd39bc2f5700;10019420;Ruwi;"";IR
5a7c02021e263f6ca72e001cfa29170aa30ba383fc1c4d320ff997138ac233cc;10021668;Independence;MO;US
900d0a4366430898524ff98c1afffcf4cabfedb8330a2c1890d7ec3d722e14e3;10018623;Laurel;MS;US
4b203c4e49ed747e30627d43ed720dfaf475cb977517306ee33adc8212d74066;10006805;Miami;FL;US
790cefad2b360dd79a75b598edfc0c232805e52b29871d34f7afc927e622fe70;10014802;Não Informado;Não Informado;Não Informado
f99f7b8f5e6356e4f80b66748705eab8a4fba6f6665a14ec7d25bb7d514e3c77;10009885;Winnipeg;MB;CA
9edcc4ba0612ad844191413e630aaedae56edf67c86b4f0b4ba0b3acae94ed8a;10013312;Não Informado;Não Informado;Não Informado
f152a664744c3eb0f671c3c7da93578cf27a8fe68db1fc4525c79c784f887134;10006983;Não Informado;Não Informado;Não Informado
7d7f21f962d8fdba404c1bd64b2504d66aeaf5c6833de5fe148879e0c95b3fed;10015275;Marshfield;WI;US
d62b531ac0aa7849f1d1ad6ab49d363edca48a46571e135d5204fe834e31e61b;10019617;Spring;TX;US
1251d99998dfd688a5463f2bd8820116ae1f1cc202f1564532d3d7bc98352102;10009660;Augusta;GA;US
dbb2fc3cfd38b6392ea7cbba31b87708ad3fed41646c66b215176ad3c3b6e266;10010832;Não Informado;Não Informado;Não Informado
2ae5d2885292b0a29adda36780f3fa838584cac0de9ff17f6ee248cb15659df6;10007121;St Louis Park;MN;US
a9999fecfc3ebdd2190e5436f693cca10ac1c07ce25ec3f78ff3e195af979cec;10008596;Springhill;LA;US
44bd8301a62634d01e0f03a8870e55218b62e0177e1388dd1d38c5022319f6ad;10011732;Não Informado;"";UK
d3f3aa5e5181b8d4a52498c4790bcf500283bb4b6487ad2077530820a741ab85;10004207;Não Informado;Não Informado;Não Informado
4fd51fc50bfab39b3e74d5e4f8932f22510f31feaf39f55ab87b1ac178976f01;10007866;Sao Paulo;"";UK
15fab0fe4cf1f97e100c5385deeceff4d72ccbf6bbd63d9f3bfd8a8056579ca5;10024915;Não Informado;Não Informado;Não Informado
aea22c1c3d10955cdcd5ab11bf4b105c5de74a3743199cdc46b9e52f59c32a83;10020445;Rapid City;SD;US
5032a6a5aedbdc4d3420ded521448723f7f378a1c20ee72fe9c7aaea240ba624;10024999;Andover;SD;US
1c7fd0eb4d635289d7d347ac38a20ec34b8678de686536abe378b038fdf15fa1;10023241;North Little Rock;AR;US
90e86ee18e20e98e7932c32d1aac6a2b41522599bced9406074c1f44dbf28e5a;10024248;Portland;OR;US
120f4c5c097c79543cd6fc868b46c60b6db7c2143379e9539fe9b52a9970706e;10024550;Appleton;WI;US
45dc46dfde29f6f1ab447df1dda4a411d4a7dbc95c1c43b1c8c799d28107af1a;10026438;Não Informado;Não Informado;Não Informado
a2e3cb907717fbee7e8a9568ab7833b91736d5a1069179dd180ace4b79c2c540;10021107;Não Informado;Não Informado;Não Informado
03a491858910f2c0a9ea276c28e852a7db16ff62acf02101922b43c913060413;10012234;Hayward;CA;US
7f25e4cdf8abecf51e142233f77ee1862d03d81d90b4b006db583310c19a4d7e;10007122;Buda;TX;US
78533a190c22768ae1601276646a1471ab933fdeb5001961dc8966a8c98cf901;10025300;West Sayville;NY;US
569d2a561130ccc388e2960f6ac75f1d0e72d0bb19643622965554b348170763;10018129;ZI 1 Ducos;"";IR
35a7e633edaf80548771aa7ba29f3b4b70a4db0d4e45fedee5819ef5d4039b6f;10022166;Não Informado;Não Informado;Não Informado
9fdd6c1a8498800c9540cd9a9e228fbfd2745d548e44c4cb99b8e8ea0e8619f2;10007120;Rexburg;ID;US
8064dfa53d5f66e5d6ea173adb11db3afdb16cdeda3fc35a40c289b9537d33f1;10025264;Tuscon;AZ;US
38faaf490f5acee7615f8c3a0f0c89602bfbb13be9aac79346a80aad7f3af439;10013061;Não Informado;Não Informado;Não Informado
00e5287eda0a72359e3ac3d3f8473a868595db1f4f0eb0be0a766dfdb4291e5c;10025467;Não Informado;Não Informado;Não Informado
cf770fbd40b2267e21c2c4359fe0a7b9d3d665d8ef030acdb555b337836311c0;10020448;Regina;SK;CA
245917b2558670e442d18450e0375251bf6422e846aec1067483721b7bb4e870;10017852;Não Informado;Não Informado;Não Informado
ba224c0fff424b894442922fce5acb56cff1f3105d8823e3f168d3e2a7b433fe;10014059;Não Informado;Não Informado;Não Informado
6898511cf54e955f8edc91027d30c750c57711d498fa802e296f15943a429f71;10025243;Longview;TX;US
de173c13cfae232e900d6ca797a52f5dd1dfd2bd03f570ea706db2841c48186b;10023516;Miami;FL;US
011e972a904a3b1cc79fae3ea34b433c556c1cdf62ab0f01e1814103ab21064d;10009606;Kilsyth;"";UK
a1f8a73ddd61201bdef636f02f4e0a8574231e11910298ee3c52760e4cd6831c;10014546;Phoenix;AZ;US
300bcd27dac07e3c400a94144523c5d06aecb569edce9215363bf2cd000c2141;10000466;North Highlands;CA;US
5913cb69234b4f0f9f5e07f2e894a212ce88fdc91153426180c126f51a0f4aa5;10007123;Little Rock;AR;US
995b227fc04ab55c3e355251ff660a2daebb1c9d2c62f8b511b86f31945c9902;10023495;Não Informado;Não Informado;Não Informado
134712e196cbbe660d2b3a37c5fb861108633062e33b92d48c1b678e11688631;10003749;Não Informado;Não Informado;Não Informado
ad274f4b3b5a74e8e47ccfb193b5ca300abd54909ca72ac4de75dd56b8103f37;10000473;Rancho Cordova;CA;US
37dfb5c75bc35ecaa7dcde087113d2d359b0f5a908fb360b78fcc4d650003639;10023212;Medford;OR;US
c871f0ff44fd79228ef795f340a83202c40f5aa05d3dd44fafed8e64e0d75459;10022450;Overland Park;KS;US
85c84d5450588c1b380d3af8ab112410172bffa2f8f18e4fb5fedb1857f78ba3;10025062;Bedford Hills;NY;US
1787b9f5bb196cd092c5f16744bef959bfe56646a455234da8a30860fb6b6c6f;10025392;Não Informado;Não Informado;Não Informado
345ee00a56722d16544a3235b0f0aeebadea413c8a3aeb246f5459097c03e1f1;10005236;Não Informado;Não Informado;Não Informado
3c5c6dc41e6070b3f1b95e312de23536fdf14977be601d8b9233e47e89423bc5;10021331;Não Informado;Não Informado;Não Informado
ec1abdf80d68f93a0ac33c1f278d15bb748a850afa336083affb09117bc18ea6;10023003;Coldwater;MI;US
de0c8b388569de55a749f5f2c92d935c55449eb0c8cabdc1d8ad7cb69e6e1431;10002155;Não Informado;Não Informado;Não Informado
f0ee6821ec0d8ab1f303802aa8e0a86103e99edebbadf76e38d727a6e0efaee0;10020364;Não Informado;Não Informado;Não Informado
c00a09ba9c3d37394cbe8deaed923567b84de7a0f55f2c26846bc3252b52412e;10022746;A 5102 Anthering;"";UK
fd39df46046098f235ff0a70e632101be4093abdc933a667309dca3679efd359;10009633;Não Informado;"";UK
c3a6c849adf4e271d0eeddadf60db1ddb4a91ef47344483d90a3eb7936b5c9dd;10025495;Birmingham;AL;US
474088e2f353eaea2b2f68cfe6bdaa2ecce281cbcfdf4310a41ab46cf95bd8b8;10011842;Não Informado;Não Informado;Não Informado
52920ab73e5cf64e571d9249ef18a35272e9e31b7389d16f4a6b3f498b5e0656;10000475;Charlotte;NC;US
a770999e93a5f083ed73bca88d4a6229d6a1f99552c6f91fe298b87ed1661e29;10000462;Hazelwood;MO;US
33e2e9475e4e4cd04e68d0dafd705eb4856d00fc4825aca3d4a6b0f2cc960931;10014779;Fairview;NJ;US
761892e49be04987dc121cf2643b1b4cf078745bc9ee81ee7f7de067cd9bf9df;10025919;Compton;CA;US
73dca63933dcc10dea6aeb12124974c176ff759839ca3681a42be2897d774427;10016548;Mobile;AL;US
21b7b3e0dff010749cc9cfcb0a179a4fb1d3d71e8626dc2d29b23a377d47fa63;10021996;Milton;PA;US
6d437f2bf1f2c5a3fc83a59c1e79c0fdf60dcb528a50852f99b8cd7b246b4647;10013472;Indianapolis;IN;US
8ed4fcc86984774aac6b325015c21702a4f3fdf5c78ce51b7995796c0fb0e06d;10000460;Goodlettsville;TN;US
8837ef730f7d713d242038502bdd04de9fb5725c0ec947aba5fe33d3ad5c63dc;10014804;Shreveport;LA;US
aa823dbe9751e00a47d8c6293c4a4f0ea68af05bf04025cd053f82b631560407;10006848;Fredericksburg;VA;US
c34000e44263c8b2ab02f2497f2fbf84615995f37f5bb54a542109576d25f4ab;10020868;Não Informado;Não Informado;Não Informado
1b65bd7deeacfdb9b89be4caaf045d5c1c05656d469b927b608f6332140d97d1;10002142;Não Informado;Não Informado;Não Informado
173682e87334e33c744085af49e8663daa537fd721245784e538d0dbe4d45c10;10013332;Não Informado;Não Informado;Não Informado
0e1e3d1423bfddb7f73b2243989fd6aa2c9b26f84caf87d3ecf893f853dab615;10002159;Não Informado;Não Informado;Não Informado
853706d48d57d48077b70dfeef9e0682eaa5edcb0e72912a6bbd88dd0da1dad2;10020982;Não Informado;Não Informado;Não Informado
c7fe3efde5fcac8c54dc84bace0e09a230eb0528368924cbdad8d55a49ba3f1f;10010990;Não Informado;Não Informado;Não Informado
0a2454065f398f7d92f8363605f53791fee80eb8259a05259b9ba9098059f8b2;10026294;Não Informado;Não Informado;Não Informado
4183ee3e1118895c875fdca2d1fe577dcefd7149aba5cd777e38425a397b166e;10021736;Não Informado;Não Informado;Não Informado
7fc6072563a041c6cd3d973132bd7a8d84ca6b4838232c255684e418075f6765;10012422;Saginaw;AL;US
e792a93dcd35997b750626825dad3d418241693a5597df4b58232dd971698a31;10013080;Não Informado;Não Informado;Não Informado
07d313a19b2b07885659db1fbba1608a224618e8927c5c2aed02b35f2bbfbe23;10026606;Dearborn;MI;US
cf9ddbe8ed6add29f4336cac191375f944c0a2dcf9709302743fce9ac1f001fe;10022750;Watervliet;MI;US
11903188e89ebe581204f385b6a14757428cb3d900c92ee11025569301d5e8d7;10024009;Tulsa;OK;US
188f5b644295e57275c1e57f95c7ffb1758367b1094d5fb1ba06cd39256d87e1;10027572;Elma;NY;US
98ed398756bc9d85bf839f8b5b74c95397e72f40e0ea8dcb65f3e069f2d71de4;10025237;Oakville;ON;CA
37336356b954edc1620b6352bc501276c7468e49599e6405c18e3a809486096f;10026023;Não Informado;Não Informado;Não Informado
39c6703ff572de31ceff85a2714149df1aef27a63a47a3ff4b08d2803016a79f;10009679;Meridian;MS;US
36bd51bfcb4f316858ba5d2366c69d8d70d365e61ba7ba9e67bbdb2d2e84a385;10019469;Não Informado;Não Informado;Não Informado
9d189792ff4c9f13b2dc83f83e9a43bbe66f6e5822e733e4fd31f2fc12aca407;10018371;00-394 Warsaw;"";UK
26103db0e81eddf0de097cd2dc6cb6f6c6a56decdfaa2f7737a2e8da9b917282;10020907;Não Informado;"";UK
e79b3c64710d319c06596c8c31921dec6b6f6c8caac7b07ecdc750d4c72da978;10018871;Livonia;MI;US
9e4a40f36746e0a707680c60487eeeb98d6da5a65320881843dbd9c15b4f9d65;10021911;Te Rapa Hamilton;MS;US
098e98c4ca4520231a02735c7907ba9c6bb09b81199edee63ea2a05e8d4eabea;10027583;Morton;IL;US
8845231d93f006bc269b040a707b57109d5c20929f1d4f8a6f1e94d2d5453be7;10027560;Odessa;TX;US
1ae28cada547fa6331a5dd5151b09af5a4499e561becb9d6b6744a701984ad4d;10012161;Não Informado;Não Informado;Não Informado
6464c47a46759a599b56761ea2543769f2dc837f8043ad25a9d57749b2a7c8f4;10025359;Não Informado;Não Informado;Não Informado
ecb294d6b04303e02523a450eaa619e3d5d62877e356ee6e685718f55f282af7;10022978;Não Informado;"";UK
2c2cdf0daa592b5a3c721dee74450659c989c652ae650e08b5d59203a3a78c9a;10026009;Não Informado;"";AU
f7a83d4357649923dfef4e3f581622f2068678b999a6152f08bf7947f2f499e8;10009863;Beijing 100088;"";UK
ac338ee612cd1d608973958da86b38a402954abb475684bd887dfda4d61efc11;10021203;Costa Mesa;CA;US
a9c3c5e4b64120640a2d54d8922fdfe881fc9fa9b6eab189e346837394bc1a76;10019514;Não Informado;Não Informado;Não Informado
c1512c0f4fe4ce5ac62e912a50547468700e5a0ea3a4e00dda65ac86e7bfb49f;10020256;Não Informado;Não Informado;Não Informado
f97e77660692c9d1f43b4f3aed03b5ba9d9965610c97b20f7e792448e2e0aab0;10026521;Quezon City;"";IR
a39cc00b9ef807e36a834d0b4d4494acaa141dceabb2f854936a2e23a1fb0a1a;10016858;Beaverton;OR;US
79a030b9cbf566d9abeb541727065cb27a62a783b395041257d33f7a92e4cbe0;10008893;Yakama;WA;US
d76d4d15264810c4471d2a097a74f61bdffd0e0e87409e5d301327489faea068;10026868;Valencia;"";UK
a33278e1c1fc5ea15722c8b4a57b5de99102a347138f0bbe3a46d7b149798ca1;10022434;Placentia;CA;US
5e397927ebb2081257f8b5f1cdd41f02513b038b68fd09111e947a4cec106435;10021231;Middlebury;IN;US
a07353b3086616050bcd24f44fad2c00e1c1f5b3dfc302cfefaa9ed7ad0981b9;10025571;Des Moines;IA;US
7cc46f08fe33708a747bd4705b433b1b939dd971fd880ea44a3440e8ef703e22;10003857;Não Informado;Não Informado;Não Informado
9e56770cdfb8c22e9e0b8c39b0bd7db12458f2b0d3ceea6f0c3c50d8af0b5a57;10021297;Não Informado;Não Informado;Não Informado
060be0d1fa657501663cd2e2bee8c1ebafb6aecdf2950d6a6362ea29e904f1ca;10026291;Poplar Bluff;MO;US
97fd932669ef4712e2f14291fb052e73568875faa48ec5eac8963e55495a0679;10023471;Odessa;TX;US
ccc6ff2bffd870d0ddb4cf8a0f82422736e544a056fe1fbd2fc20744ecaab7bc;10011734;Atlanta;GA;US
a83024098101dd049af1102d3392dfaa44bec4ed69b83af354183a957fa6fbde;10000486;Não Informado;Não Informado;Não Informado
bbb067a080aee72a6fb348274f0b7b54f0f69b1ba4dcc68cae3ddb2e06174bb4;10021459;Olive Branch;MS;US
8aab1c268ade7a545ebb37acd5bfc2bf0b41551a590680a9ecb214be8053d987;10012715;Exeter;PA;US
aca8fd3e75ed273d80b932afd7a060f9a60a38abafcc1d0e892610d44013502f;10011623;Não Informado;Não Informado;Não Informado
f9f40fda66890673ff61b089f597cec4dff0a76b5019b9f62e2533893493b81b;10020247;Não Informado;Não Informado;Não Informado
e4464a4385e6f815bb46bd752898d4dd74f46fbf665e0bd5c346316a7343e174;10027050;Milwaukie;WI;US
391fee0c8502ac19750acef817e1fa62919e92e25b5fb3a89382c2fa7272380d;10010914;Overland Park;KS;US
05e54f8d8456e98259e0f70678eab3f1ddc2af9a7872e6807fe68f705a417b1f;10021283;Não Informado;Não Informado;Não Informado
85c500957a38727630538f2fc18d88c21dfe3404bb7eda0de1242d7be5486308;10020192;Sacramento;CA;US
aa3e4162fa93f4fa87ea61f6843db1c287d6a8ca2826579d5f50634657875ad8;10026355;Casper;WY;US
eff06d8dcf3074f42911f210a6c18269c858ba1a27bd6db7fc5266719753a3c3;10020390;Lansing;MI;US
7542370634e84e0477f4010f7496c893b35b2b8f3f11c500d888240d041c8718;10024924;Não Informado;Não Informado;Não Informado
35a0749927fe464f23ced9f35712c2a74a3939cd0442db7c294d4d2b558709d1;10004256;Portland;OR;US
37e47182756bbece017caf9dcf43aaddb22071c6d7b6d3c5ccb77968e6f664c6;10023489;Sacramento;CA;US
b7fc6c728769637f34c0c0376fd9c867fdce5c9a86e83e0a483c205b80ccd4e8;10002746;Bensonville;IL;US
ed0547d94ba95cb63150549d5fb0df186ba438bcb140661ef2d4ad96bc38fb4f;10025558;Little Rock;AR;US
0ab46ce0cc05e3bb69803eeaf606511af40018aa05e83ff7700ae0b46c765f8e;10014043;Guadalajara Jal Mexico;"";IR
de130789010fa66d894835e13c7c329e303b5e71378b40d3e77e8a2f4056190f;10027575;Dallas;TX;US
72272fad5f99a43ff8e87b5b26aa7a22d9f2b7c66f91d0696a461f8371639225;10025304;Não Informado;"";UK
d287a0d07f6a61020a479140354976aedc49d3908108535762a667dc44767dee;10020684;Montgomery;AL;US
1d4f96f9fe73597d5280c7d393f3a840fbbe674d9bbc56acd73e8ce27347d1c8;10026334;Não Informado;Não Informado;Não Informado
7c9cd5bb11a9f843b53047e8fbf3855a0827154e81e2d7e1834910956aaba7ce;10000453;Não Informado;"";UK
487faace16be3afe9682a9b128c8c5872d5dd436c53038173a571f3eb383b7da;10000458;Saginaw;MI;US
10bf9347b38a4f512184092e0793f8348c6cbb34d4b6fe10cfba4b10cb5df560;10002969;Manassas;VA;US
dfab82c9491bcb3d25e01869749fc7310834f6821b8602cb8b109845c218c5d9;10009639;Industriestrasse 17;"";UK
b3f874f84cb614d3c778d8420bedceafe64881c0c4616d8790b0d939d122a5aa;10007258;Não Informado;Não Informado;Não Informado
da9c4d26d5e68e4ea7964fc5379b5bf98891707d76a14628249f0cfb4b1efa53;10021380;Não Informado;Não Informado;Não Informado
3cacd7445ff4e28c802dad58bdad63a7347dc8299bb3eb4e59eb9646787dce76;10005810;Não Informado;Não Informado;Não Informado
ba0a592febe6255554415940a258d07c77ad5dadf4708d833827eb1edffe458c;10007309;Não Informado;"";UK
a736665638522f3f5af40fe818045ad4915cdbeb8652592cb8b3d0e5b8acf1b6;10012851;Não Informado;Não Informado;Não Informado
9a52db57be4d00e7acb00f9fd7eaa471fbd28bde45cf0f979779f9f7f98db530;10017072;Chicago;IL;US
7fe5b2c5c284b3c9ed8883dd66ebcab24450b1c5cc5443b1fee14a5571fcedb5;10010855;Não Informado;Não Informado;Não Informado
7c5674c9edbb40e243ad59799ff860637a9a3d48c43334343d8c7b36b9be0d74;10025250;Ooltewah;TN;US
df61fb45d4fc0f031603f36f7f2891843d8d224a242bfc4e0ae6fd068266262d;10000488;Não Informado;Não Informado;Não Informado
9b3c0b80d1a499308c6cdc4462df3b4b4994e00c7c922b4a0bac11ad3d6fca4f;10015325;Não Informado;Não Informado;Não Informado
86b64feca0d31d106bc116080de4ff21a72c8905ebf3fa79574e79a267363103;10021936;Louisville;KY;US
597bf22c47b27a6a85dc90319a66ba3005540212a9d13104f41472d4589420d5;10026581;Savannah;GA;US
84b8531a7f647f2b7f8b259166b0dc11b3f1ad0f3b3be0d31147dfbaadd08d16;10025086;Não Informado;Não Informado;Não Informado
ceee9eec238ac593bf03d45a74d455c1f10f1c5026aaff95e5525b5e80e7ed3e;10011546;Não Informado;Não Informado;Não Informado
113c1ca6cefb419d98f9508bd1e774f17fe33b9fad956ebe16552555cf71a220;10000457;Não Informado;Não Informado;Não Informado
e89d6f8ca3099946bd15037a4a04beb46266e2241cb76ed14791798b505197d2;10021184;Aurora;OR;US
48cdcb8f09bc072ddd1dfba4c24ec0d1bcf39514d9b825a8173f6bd1b3b3b426;10025037;San Marcos;CA;US
2216f8c5eb22405c935b8379a9f2ea041ae684424a2f5614bfca92916d3306c3;10021485;Hamel;MN;US
802a95963b5ea771a21c05085abfc8d2141ecca31ae894989c197723d5a0b3ff;10026268;Surrey;BC;CA
3dfa293a08a023426f598108d83669367817410601f2daf20fa7461035429cc1;10000469;Montreal;QU;CA
2a3a59db720ae1a3d9027fc29fd80b7d5f7901d02b6a28b1893e266ac0f48f20;10024270;Maxwell;CA;US
f2192d82ab81fbf2434b846e2a3327478e8e52e27f3569ae8b7ededdb970e9ce;10024499;Houston;TX;US
bcc3a8cd7af9fb5c96e2c9b2006a84462a4daab6e8d4a224c45f3565348c3cbf;10007117;Taipei;"";AU
4eb8e84bd22fca47e0dc9805948006fcb6dd604d44caa1e73668f4d067b59630;10012328;Não Informado;Não Informado;Não Informado
d438f1eb018df0b65007139f03e9d3049abf5b597c40f72386698292c983394d;10008593;Highland;IL;US
34345ee92518dbe7b839f8fbaa8ef95519de852f1b3bb031512fcf88a629942c;10016784;Pocahontas;IA;US
0b2decd08b6a1e8a01ad13a48a8ef77558abac500779f933ddb89b260ade05ca;10002765;Hialeah;FL;US
92ab74fc4b79a201efaa67e12a14e33b5ee76affe738e16b2c15aa65d888905c;10010887;Edmonton;AB;CA
77b931cfcec04ee6b670cf94c095c614c4f27a072398ccc88f5c458d9259d74a;10009656;Trinity Center;CA;US
4b7223f6d067e26ad98f3084a5b6ea39ba724a6c23b8bb0d9c846444e0c5a629;10005919;Não Informado;Não Informado;Não Informado
82f1cf5ada355e1e5cbf5dd808b2fbb06711d381f85f443ef02e76eb8c745136;10025022;West Midlands;"";UK
45abbfd18784f50f7e93545fb08fdc09d8550d96f918deb49feaf1d5b73a0951;10009631;Corona;CA;US
677b38a0f53c4d84a2e4597c730d75186042c296753e4dce65508f8ac4933527;10025814;Houston;TX;US
4fcdc2132db5473ff4ded952c5450f5403e51d4d6db8f88d27957ccc8d543612;10026336;Columbia;SC;US
2f9f1640813b4d76feaabe1ae89d2d5190565cd0c5fdc9671683e6fcb0a9c40f;10018603;Dubai;"";UK
f5ce95ecf4cdeef50817600ea70fac5dfaa2bdbd95b70e733f2a43d1894270d7;10026560;Dearborn;MI;US
3f3eaee75a4c1ea5665a721da218bbe9b881dc968716e7aab350aea267b7e137;10010906;Frederick;MD;US
3d7a69d517cdd28c793c6537bcd5d7d041fd2d22eb8cb38a69a8ac1e524f10be;10011360;Não Informado;Não Informado;Não Informado
df1120a21d54be219c1817563c168c9c4f71f0b1cb2c2137f237fbd7d20ae6b5;10002150;Não Informado;Não Informado;Não Informado
f308429c2acc6bd7862f3a44cb4dbdcf23e2f42448f87f0500bf728d00936714;10021977;Overland Park;KS;US
3fc439ab3e6b2e166e4b00bb46c5a5c49d44954e537b68ccc7b8df9a6cbe1016;10019066;Não Informado;Não Informado;Não Informado
534ab8a00da0e08ea0612be7601700fee5376cc624f200fcca80157463db1022;10025284;Hayward;CA;US
821c76358d5482bdca689c67eb98ac951c5cad57049c9d7c7314a98434f3db5d;10013765;St Louis;MO;US
9d84811501800639c1393e69dfdf8c2f9daa95a6979f4482f2f5d9f6bc741ab1;10009652;Valcourt;QU;CA
6e081b781d35c3ff0c95295f48cdb152c9a2ad53ac2d57ec22f9015dc3df3124;10019812;Não Informado;Não Informado;Não Informado
873c11cf482ed58f77bfa329f2c3c0d1303c27ea756c545a5fa4324d01110c24;10025353;Não Informado;Não Informado;Não Informado
d1d3dca50b2f515f1cd5ea4e212b4d7795b907a01f2cf005f934b313ced2fca3;10025778;Pomona;CA;US
530e0896d9921f9f2555241773bb8d372cd2d4c5d98f67a492c2f9e1b38f23f9;10023793;Holden;LA;US
fdf97cfcdd87f71b7d70aed1cc8ac77828e32539f8ccbe8d15d6c5a56667cfd4;10012235;Winnipeg;MB;CA
1a1b518bfe4ceffc80db047a60aaf1fd30e2e58405b31e2637fbcc4433589519;10007253;Não Informado;Não Informado;Não Informado
8a76c7ffd0b88a77de0945ba810c651a08bcd2f0211f7917936964678cda3768;10013127;Não Informado;Não Informado;Não Informado
466650f1d1db06986e92667fab23705c3939cea20d6ab68d68fe3cec2705cbfe;10022732;Lake Hamilton;FL;US
0f051b5666bf84872bbfa1d96488d894414d678a0dc9efcf58f40d53961a2196;10000497;Não Informado;Não Informado;Não Informado
5aa9f4e44fd5a64a7dac034d190de6dcaf7c7325a57c820a8d24bfd8703f77f8;10018665;Wester Chester;PA;US
61d47bdd49a7c262a2b713c43dc009a0e62724be70deb76cdf716ea97be28fa0;10020266;Não Informado;Não Informado;Não Informado
c36960228bfb251defea83c90e411cb0f39f1d9b38aaabac7b10375798d2b47e;10006917;Não Informado;Não Informado;Não Informado
9e5c1adc65a063e28c73df3080d2b7d80a7beb90c3a981166b7f81d084a43458;10002412;Não Informado;Não Informado;Não Informado
cb89d7c33bb65fe69fbf0f3447a5dd48bcb420fc65899f6e05910c8bf81988db;10001103;Não Informado;Não Informado;Não Informado
d6f70f5be5ccc502fecbc538a8213b6220f9872406840c77bb6799ec0f08c73f;10025238;San Diego;CA;US
246f19c3952d1b538510dbc8ce0ab046e947fdffabf7a1507100bbc3754a9463;10020864;Não Informado;Não Informado;Não Informado
ce15f71427d7d088dfe9b977233b293ca6f590ac61d268b2fbc733cdd18062cf;10004255;Seoul;"";AU
4cfc25aa376f6314b7ad28e9bc616929176dc823056b2abc337951a222edf0f6;10011724;Ingersoll;ON;CA
d56e7a9154b2446c393ae07d963bfd02c6d119acb7df5313eaafbb2b0df01f7e;10020672;N-0598 Oslo;"";IR
3416cbaabac4084d01d5c4e9c36ab17479189cc2d68be53278f5e07b079d4119;10025575;Beamsville;ON;CA
32c92638f14cca3db56a3c75928325a343e68b5d728efdb02bb642b2a2715f42;10022687;Burnaby;BC;CA
63e1736c91038a71044362ac90d84afb2c0a5d2cf79384835e1474fef6cfb4ac;10000501;Não Informado;Não Informado;Não Informado
7aea693f304362ddcd26329936238f02921722b2fd6cdaddfac8c995f8cd6122;10024016;Kanagawa;"";AU
5c3172a7e44ed6e4143f8f11d2ff6e945646bfb647114e778a86f33f0993d7e1;10009653;Mississauga;ON;CA
7922af35482de718e92fb45343ba249bc5c881fef23b2da08c8d793bdba0785a;10006916;Não Informado;Não Informado;Não Informado
efb4ece4af4cb16363c4892c3e266b7c4781320af8f8b142d6fda096ee000bdd;10027370;Madrid;"";UK
0d9cb1b1c46694777e6c90adb66044b19049f160c5f3376435a6e274b33d9b1d;10013574;Não Informado;Não Informado;Não Informado
19ca705bfa6b1c909513e8e0b684dad9c0cd2ac080ae0349fe76fcfb5ed878c7;10020227;Não Informado;Não Informado;Não Informado
b38daca2a23eb0b4716fbfce088672409dd3da7f9e72f1a37632096830887592;10019900;Sacramento;CA;US
fbc90794fbc43228da70e60ba4a73b33d7b326b829596043ddcb6322a995e29d;10009645;Não Informado;Não Informado;Não Informado
0a24a6af0cca6d8f626806aa3f4d50a5306486d84a1740602662c29de2e2f02a;10025025;Auburn;WA;US
acf0e0307031ccf225da72913b64757af85954662f6ff2d36f9f072612e13fa0;10026299;Dallas;TX;US
96797d56b2fd49e76645f71bdfad8318864838abd72e4618df41ea7c9fdb14ff;10017638;Roanoke;VA;US
fa428e0fcb31a1e4c527cdbbee53dd352b17284bae71fd736dae2eb68c050876;10008602;Wells;ME;US
6461e69a3cd8f3c5aab94d52fcb58d037edefaa36c8b96e0ee489bfbbf197b33;10024524;New Hampton;IA;US
c9d77c11affa3813c9f900994aed2e45c89def87839ddcf3335208c63a2dcb0f;10025040;San Antonio;TX;US
b7c747b7209583aa806bf310c1652ba629d5ca5c8efff34c78ba66ea63deac52;10021911;Tupelo;MS;US
ba36d78441312c23cf6935d419b597e8e762c6f3786896793f12fe4f1d0fc6de;10002240;Medford;MA;US
2790171ca8defc4a5cfc87c72b57557a387004e7145a6e172fea9c0ad645b786;10002136;Não Informado;Não Informado;Não Informado
1c73f7d9fcc492e3c5a54445621722c2ba622a85bd042d36b97c9b5a6d44388d;10025737;Não Informado;Não Informado;Não Informado
9f5cdc88fb5f70e6349f07cc876780c1f86d06f4ac37fba0f75338a34499d2cb;10009657;Lewiston;ME;US
31818423589fe5680f13b42b6a70a6a287d677bfcd1d6e13cc176436ce47ff4c;10025299;Montreal;QU;CA
33b59e8d3e71b6a68b234e288f0ca1dcfe35c251eaf474b63a81dc257a1ba2c2;10021111;Não Informado;Não Informado;Não Informado
c79e1413abd60d1b63107e267a5646ab346182dff8498613fd226859c6c058a2;10009356;Cape Girardeau;MO;US
5e734527e06ac7c8b48d45698f3c7afc3913554b777195ee95fab87ab79df3a7;10019879;Duluth;GA;US
875272e49a7cca98b793a318e8ca1c8fd276a4c3ad3fad81c87acdb25f712811;10006919;Não Informado;Não Informado;Não Informado
ddae14f1cf75ae968f9583ac678f20507959397220739923538991f4d9615f59;10011821;Não Informado;Não Informado;Não Informado
1f41496116e92ae4678f976dcd9f594df5a56424ef04365fb7579309b418c229;10020927;Sidney;NE;US
8692167b014a3307058c0b6f9e2c9ed25f8ed3eb986dc4fc6f215804cbde952b;10008134;Petersburg;VA;US
a443ca73639e23ae46840a07411964125eff72053cfc229a10f40be67c8b95db;10007536;Não Informado;Não Informado;Não Informado
d66d5aa51e0a7e3c89458eb9f94472a0b9608816c4e496f654105ce598c455e8;10000499;Não Informado;Não Informado;Não Informado
97769c40dcad83c161c56b4a395ef67e7d691342011fca8f02d130f892838e2a;10027053;Raleigh;IL;US
9b87cf91e03b21cce460b1328da5adfd7ea43197f623b39ecc16106c6cf52ac4;10025296;Sun Prairie;WI;US
7b788888baa23112687e2059e896ba2609024a850f1dd76e8585c64c3c015efe;10024010;Mitchell;SD;US
0601dab5d11f1aff4cd308ff6f628d4196b5804509ec1966230b4635d6ee6844;10025552;Southfield;MI;US
29c8efda7609247ac8c5aebbd20d8f5403cabfd71cb10d98f2bc4c5598f45439;10026006;Calgary;AB;CA
f612c6c60e2dd9dd4033e31a493cb98760e6b866dd19dfad056d1d09afa0c8af;10010969;Elkhart;IN;US
91111aa1dfa42befd27a0727cb14b7c6081f939c931771f874ede5406cfd61da;10005099;Não Informado;Não Informado;Não Informado
36188d376d3ddff5e7f6e961c6249e08d46b111d01194d2f3b66970edfbbae18;10024880;Não Informado;Não Informado;Não Informado
5d72c56a32a354858d047ec9182c8c85593baaf1d9e16e540e91bb45135d0928;10000601;Creedmoor;NC;US
8defc1dc00a1c9ad9b1612d6bcad7b310745ca60fd45356df377a9b1d4dac343;10025252;Elkhart;IN;US
64cb69a4a224e22b0107e2118f121e30c215d53e163a07b5512ad5e1242f5f0e;10021750;Não Informado;Não Informado;Não Informado
a8a04940e7341a5de28aa58c482d35fc8b6402d16baf956effef073320264e25;10024704;Não Informado;Não Informado;Não Informado
8dce4862b8c33eb6769a96e8534ed73cbe1a704b0584e88fc765aeb2bad2177a;10009156;Attica;IN;US
b39063a10ba27aea875a05362e370e6f9aa9a074595ff4ff9ce5109431d24e31;10013238;Janesville;WI;US
eaa304930b0693fb464f6c6981a93d3f7853e2f972c4ba2cb5239b73316d5638;10022490;Overland Park;KS;US
85ed32efea12b921a211fe5439a21f943baa44aa466764eaaa42c7a109d57889;10013871;Não Informado;Não Informado;Não Informado
4e9dd3f3958471244dc4aa3a482b4b3062560c222a2ba26f9232a82af30369a8;10025241;Hamamatsu City;"";AU
1040a87b1f4e04697fb55ea4e772da62194f48a3ed45f47e538d6e07286caee8;10019678;Sacramento;CA;US
72b468b99169932f0d4aa79fa4a25dad937caa38301d3ed21d7cd79f41a9808f;10010884;Boucherville;QU;CA
ef6efc21533e87924c742348e70c04e72284288db3d16fc389dfcc5dca1ed07b;10015886;Não Informado;Não Informado;Não Informado
f598d410036173876690ef28847a92bf1c8dbfbf6abe62e480662f1860b80a0a;10015789;Jeddah;"";AU
bbb4b97d42adb00e2e8b2b973885265e5c33d6b4e0244e3fc3fc2687734955f2;10015253;Não Informado;Não Informado;Não Informado
96a7c27c994d217a539c35711d0aae78bdb7cabccd48efc75ae1a33f32a5e431;10002149;Não Informado;Não Informado;Não Informado
713265f324247b285e4ab5dad5bfb1a4c471ef4f4859588f8ddd90efdfe07d6b;10002137;Não Informado;Não Informado;Não Informado
841bc1309cc33f6360d60065829bb4473f1da1816d8b0398941bf66d44b49013;10012885;Não Informado;Não Informado;Não Informado
16fc1de42752b2934dc7ff482d646268b4957c179c14c337162f3ba3b179ba24;10025248;Kent;WA;US
fe159ba4eea3a52735222d268c6cbca44d1d03a40c3a2e5968083694bb05c5c9;10020446;Pontiac;MI;US
b1d3967edac4ab330efc8dcc9a33a9fd67e912b3d9b35367235b9e98da7c7c0e;10018644;Overland Park;KS;US
32f63f7997ad0f4555bdb43daf2f4f4da7c4363a6470b78641437d164d7b1865;10024006;Columbiana;OH;US
c1779812e192d1788724aff4ab0335f41ac54b1ef38b0242262d44d43775ce96;10023022;Surrey;BC;CA
852c15e20b4a0f8f3d20de75e9c522822f57654982cf259d9f735c6dc8ec89f7;10023513;Stockton;CA;US
6fa23f6a4d91ed6a3fed59890567b7c5bdfd4af69b6f7882f2cbd26b63ac8926;10024541;Bedford;OH;US
1d9b7f6b4efa89d27d2817c56251c520c92544eab66fd545a6e53880905fd08f;10025269;Overland Park;KS;US
85264b55e584fbe162a8f24de597f71191b26954433b04bf9f9e1e0fb859942c;10020909;Canton;OH;US
f76a983a6ced5258b08d60b05a97259fda702f89f9b1848a81c831e000384a9b;10003795;Baton Rouge;LA;US
f12db835fff906c6e69f9fe017b517036a8f4696d20379a92c98398fa3343e0b;10016588;Schertz;TX;US
f81b2fa333e7ccc52c42ce6c7bc44e8a31fdad9738729cefb3d17cc3f79d5e73;10002220;Prince George;BC;CA
061e268d1d3b04333da4c76c97dcbaa461a0e2a036ff922d4cadf71be87ff49f;10014047;Fresno;CA;US
ab831d49321b6ce0583c5e8c9c794283bf39c9bcc3d364e1dbb7b6ccdf06cb0a;10009676;Kalamazoo;MI;US
d3d0f215c01ad880ba3df514d35807e039d38f5a096e8a1b2e2fa3a8900d1160;10021145;Brookhaven;MS;US
620c1a75f7c55ac9a203f2c2bd50d9be8629d21ad19b1114ee8e66716f67ccf7;10023244;Cleveland;MS;US
a81e81fa68563c66dfcbb6d293c6d87f0799c05f85fd4f3750e5b008ada2135e;10002161;Não Informado;Não Informado;Não Informado
5888f3c5a00a9a6cecc63b8ed8abd995663626442f936dd08d11680b54998d39;10018628;Tigard;OR;US
b10c0711b3a7ddbf007373dedb5a162a7b80d5b8efcacd7f14404503d9824217;10025249;Memphis;TN;US
a19e0fa9b7aafadd3cec5110924a65b8de634c057f77de97c2b8d9b35d28807e;10011345;Não Informado;Não Informado;Não Informado
9d69c1c192dcfe488ae887f7230d3b45681fec348bfb2908f5cacd02ed0b8a41;10023275;Portland;OR;US
3c7df237dc49bc40ae95e08b630641f6c6906094143d5ac866031849dfd86da6;10007355;Amarillo;TX;US
52b2fae86b8b1d63664823c459002f63a5a4905cc1ab7034e6848f02b484a6fb;10027381;Tumwater;WA;US
922cdc03a6f83e2d9bf61e646083e2db92c6bb5a2d72aa8a7c6d538c11b7f78e;10014739;Tulsa;OK;US
fe45edeb074c0849886d7a3d5b19cf8d0d731a51e7b9c99685c810ac8311b3d5;10003720;Hermitage;PA;US
ceed318f7649dc3a45a46fdb3af24fc2c046d615d10c23e2e8e46a11cd176b54;10002506;Salt Lake City;UT;US
3baf8d06db6db80d050aa36b21f376c6d2832cabf6c95110e19ae9af47b7b850;10021804;Não Informado;Não Informado;Não Informado
a419078bc30b95a4fd369a92596ede80d3c7109a802cd98bc6a1b260762ac374;10019942;New Castle;IN;US
c79e99af9799d54812382504d0c1b68aa4d56d0c89205c24c6997c108680f94f;10013899;Não Informado;Não Informado;Não Informado
6c194bdc56962ae015c6d4722fc5726f85894997ad7ea91d408d5b9ff0e7521b;10021411;Não Informado;Não Informado;Não Informado
2d7c3154633fb791c9336ba7936ef98cb9688457c5621d8c1dbd4661d33d07cb;10019109;Sacramento;CA;US
8aadc579044536ae1a4d9a8a426da542b8ed9db499b1b88f2cbf808c4455ca50;10016047;Nashville;TN;US
eca670682ad7e6b5e3c23d2cc55c7e836448d0b0757381c31e9d2f6f38751aba;10000456;Edmonton;AB;CA
d153e5f253921800f57461ab969fe1975f1a61f094343bfb3d7c702eff8fa4c3;10020491;Não Informado;Não Informado;Não Informado
5d759cf3a2dbb9c4330bb060046397575c2ef81dfecf39b54ead3ffa1f965fed;10012158;Não Informado;Não Informado;Não Informado
1619ede0531ed95721d81e7114cafa375dfb7d65ec3c0f4627b986d6682534cd;10002144;Não Informado;Não Informado;Não Informado
7b20ed033486338ed615198994fc9bf3e0fd378374fbeda6c5ea34e8643dd02c;10012600;Não Informado;Não Informado;Não Informado
67467625b13a295226de9b5dff7ef6f8557e2ae270bca803c643e61a67f0f518;10011398;Eugene;OR;US
1fa6369444da21a7f85a7179df95bb03bedca315182ec3cfb5f92e3cab9e0664;10019665;Hammond;IN;US
6aafb10d4fc26b2ebf611519ce60bc9818beac15344a67bf62e38dca2b158726;10022249;Shelby;NC;US
03e0c3bb21ac30c6299d10add77fd7b963011b2f94cf95bff60ad5204763e05a;10013252;Irving;TX;US
42e36b2289de7eedd09822ce351f2eed22c46b8b04415a553155c8acbc4f15a3;10009654;Brownsville;TX;US
dfb6f4addd30c0f4402a13e7a8ded4f491e692cc062e0900a1ec1a28338d33d4;10022725;Norcross;GA;US
a86c07ef6c282717b3e1ba6822dc31843c7f562b543acb14f399402b0f42a8f0;10023509;Tampa;FL;US
24a7cb75c74ce45e9423f2542a956cd7f5586e460d10facbb31835176ed5b083;10022431;Vinton;VA;US
31de9546f1cbf3b9e4b96053e3d42de06d06a2e223cd4b3a5a59638eebdb90d9;10023780;Asuncion;"";UK
ff1814335db9b8057a5840780f96e6fee034f66bd19c7d61ab732f7f79f527b6;10002153;Não Informado;Não Informado;Não Informado
839f85dbc2de8cbbf7a590b9a7c380b0aeece0a96a3b7ca0ae768d1de1083e6e;10024003;Benicia;CA;US
764de9f3891f178f37237219e09d371e7f5ac5c723b5237de3bdd0b3ee1e293c;10020413;Okarche;OK;US
a6e1094cc1cde7f3b9dce1998a2d3481df4ced561277fcf24395a825b6cd8f4b;10006862;Pearl;MS;US
2b0043133ca9e1d7e94931c5669a9578672ce0935938a7760ab3f119197d5ecc;10021239;Não Informado;Não Informado;Não Informado
c7cf74c7ad6591c7c81bc60d9d81342d0fe26c8b49515f0ac2b0f3dd640e8447;10009907;Elizabethtown;KY;US
bdd084b1ad614c70441d788004464296db0cf2f2c1544c0c2fdac01ae0c655fd;10000471;Jeddah;"";AU
933891b0d51fe30efefd55213a0895c2ff9afd2dd51abfa476ba3fab28ba72f1;10002140;Não Informado;Não Informado;Não Informado
84bf30d3dd50ad3b8dc1c674cff24a827d63dc33b0084b7cacfa9adfcc853e71;10005376;Não Informado;Não Informado;Não Informado
8d2803d69d25a2cbcff7fbe604100a0895d992a6e43cdbe7ddca62a1b38230f3;10016549;Jacksonville;FL;US
8659759ae5491bcd6882ebba9d0836322e8fb3dca979b4078ebfecccb0140b81;10021204;Toronto;ON;CA
934bf8bc6d66b971fb65d61dfd12e7395fe6995e13686ce875a8f75f9be53992;10016780;Não Informado;Não Informado;Não Informado
6c342af2b098ea8157df53f40af5d8fdb477335d65c5758bf6b0056f81894208;10001818;Não Informado;Não Informado;Não Informado
501beace65234a30fbaefb8988796e0e7f343bee2c4cb57f93e20eac4a5ebd38;10000472;Van Nuys;CA;US
897515cd6a087fd8fa4583879ae28c1a0caee37c2479332a9a18a09bf182505e;10025051;Anchorage;AK;US
bf0d2238563874e352e7a4144503782dfa053e00ba980b08a0009056e19709fa;10000496;Não Informado;Não Informado;Não Informado
52df540130de7750e891456237ad651fd457c01a357becce8504ce98ddb7959a;10023703;Istanbul;"";AU
a0b183cb269cb38bb24ec6ea560f4d54e15ba667f462a5034a07b525bd3e1571;10018877;Beirut;"";AU
0e7e43af5b335711604a39126611bafe5ef4a12d666dc6ea471d3e1ab7dd132e;10025038;Mechanicsburg;PA;US
7cdb81b39589af4f6386fcee551859cf017ad683c953234cec4f000b8c387c07;10013052;Não Informado;Não Informado;Não Informado
068f441a28f309013a524b5675ed9d450e585de32fa0e7a712a2a4d572aa4f07;10006836;Quito;"";UK
4b74fcb106e0b33e9e2960f2108d82f44e40b8b637cd865ada7eb1bf3881ac33;10027340;Salem;MA;US
dd8887c1b8e9c804aea6f3bea3e28f770857c05548811875d09800c7a0b52ba2;10020388;Glen Burnie;MD;US
f34fadccebc5b04e409920a954e64f6a766d002033c9494811796d1f82bac821;10009669;Não Informado;"";UK
806b72db73650e62844d2e0796938c518879019f533fef9af480979c359ebc21;10025791;Prineville;OR;US
daff2648fd935a4f9d4693db45483504684c7d395df46e78cd42192b4e55996a;10020715;Linares (Jaen);"";UK
707d624d3ab89081adb0a34b515be2c3d6926cf14bde39e6d5b318b6900e0758;10013079;Não Informado;Não Informado;Não Informado
07bd42c079fcaf360f7ea8a843d1faea6c3bcaf5a3726b8b30f41961a444a966;10027348;Tampa;FL;US
bacdd9db01abf5accedd912d663c96bb6772cc020a371ffffcb24c90ae6f2576;10020914;Calhoun;LA;US
4fd663cdcbab5876fdd148b8d533d772820391636aa8f0696c2192e16c5412e6;10017576;New Orleans;LA;US
558a39d99ad8b2f1ac7d168555ccc593f6b5056335d42aaece50a49779ddfb72;10025418;Não Informado;Não Informado;Não Informado
156c65f93f7a536c694ddab9892f55beb2ccfe86476bd423127a2c7eeb444ffc;10008381;Puyallup;WA;US
47605689fb90636690b7d550646b91ad8698226aa62a5abd4b68fda45a5ca3bc;10021418;Wheatridge;CO;US
739b237bad9894356bf754d42c3a1d3396469d716e0785e9b1b936f3d64c2a4b;10017054;Newport;MI;US
be04339da0a736175f4a9529697e94feda9a5eb78fb6da9be3eef5d023af4ea2;10014471;Calgary;AB;CA
9ea9ff55da63ebaade8a2d75b54104e25405442901f5a4b4fb04aaf30696a291;10011018;Não Informado;Não Informado;Não Informado
6cb7837c38a2f7f4b015635e4d0651ddb65b8742d08512c9071ef2c0d546c024;10002154;Não Informado;Não Informado;Não Informado
83a36c0faf8b32f0f1c7e4c869eb9e244211190bf6d77173a548aa9a8445d091;10021179;El Cajon;CA;US
efcc7b36069db17f245979f7f03fc8aa5ac385a1d54fba0d5177aab022df1a99;10014810;Canton;OH;US
5570140bddad6405e5a5f7053a205506b59a1d20f91670304cef637c08a6c85c;10026522;Fairmount;IN;US
414a777fd9f9fdcb9d7476d71cd8170cb692c75529d982b0e9537b9b3887896a;10007134;Não Informado;Não Informado;Não Informado
eef60c18e97c5c3743270883b272e7d5795dbd9ad6c2c7cd4f3a0155614b58e3;10009985;West Jordan;UT;US
5d7f7c953733c6939bae81764d9d07b5e68fb3fe9794d33e2eeb62f87abcdb54;10019682;Lennox;SD;US
237f787e0f737871850f0038562a095b139fee093679c4c058eb2dce817c4535;10024743;Enumclaw;WA;US
206dcb6bfc4774e5993a0a99d0f2056cd6aef882ae6ebb951031e13520570d48;10006846;Modesto;CA;US
796965822e9ced00672450b4b4efa705b8e88f924ca0671c3dd3b2c4f542066c;10023715;Plainfield;IN;US
4c729a649c53b85f3726c732da94f14439d0d943aeea38fc920362c3b491515b;10019400;Valparaiso;IN;US
4f7ff5c28cac8238e921a6882160040a5ee1ed7b475a763aaa07b0f8b13d772d;10022168;Cass City;MI;US
3cdb7a3e0c19ae3db94c8e527a93a20ff7d3c774922aa044d94fed1b4efca63f;10025247;Pittsburgh;PA;US
d83905a8f11c7d789b1cd05013069a3f1339dcd81d30484ec088d02a5031f340;10021286;Não Informado;Não Informado;Não Informado
25634362b31856f68591736b33afa4d08cac7fa46443db80a53f0df34ac2d2dc;10018885;Pocatello;ID;US
8dceed3fc5d9c9917ec1b9042a41fd58493cca36691448f7749a6cde27e41b41;10024255;Pontiac;MI;US
84d332b0dac5f47ac4b417827d8112f8a52130aee458a6b362b764d180f1e249;10023235;Houston;TX;US
16db520725e7ea5c8beca2c279b06ecda8c8e461638c8f45c90abdf5fedf6eb6;10025063;Não Informado;"";UK
d4236419d3ef0ec3d60790b35835717327095610583b847177e5c96c5aee9759;10016334;Overland Park;KS;US
2f9437551a13334b3746a04eaa6c23fbed431f233fa112fe17ed6a818c247fc7;10000474;Des Moines;IA;US
4ddf3c57ddd9ce7fa0f8421c52a9c8249b4ee8476f6a09382c805df7eb2267be;10004516;Lighthorne Warwick;"";UK
94d15ea82f712b5eeb88a02edfff6c86d539df5649cb4b068661d0be2630a80c;10012128;Não Informado;Não Informado;Não Informado
731322d6484d8e8168eaf41162786d02feed80799fce3170e9cdd789fe4977a2;10000455;Huntington Beach;CA;US
4d02c4a7f067154989151e7684258ea6eab6e6b2da4fbbf07c11ab05b2b670f5;10015783;Philadelphia;PA;US
5440b74e8f29a437e52f630b904c6d94ef45d34c95ec750c65a2f2e43ac76ee1;10019410;Edmonton;AB;CA
238873e7d299798991776542273da469a96ac8081028dbd4b277eb6d65675cc2;10017553;Ottawa;KS;US
ea929735bf5efc0409d54ab7ecb1cf2a7a1be5e8c5884b799cdcd12026a2e868;10027356;Grand Rapids;MN;US
af1cd47871b8c02760bd804def0d436002b6648fc61461adc0cf2f4009f5525a;10023760;North Hampton;NH;US
58fbf31102a3d5cd6f4028862006ec1c5f3ef579cc5e0819ec81b6945428e1a9;10023778;Hillsboro;OR;US
7ce347e144a365a466a7b5bd60a7f7d98bd1d1d0fe72d10e661f7126f7f513ff;10010882;Não Informado;Não Informado;Não Informado
1fdac36fce6624cac7175adc6d83f339b997fb42f64beb0e136bf7bca7c004bd;10005688;Não Informado;Não Informado;Não Informado
dd9e4cdc455cc62650dbcd4d79469d6ff6bf77bfa87f55218ff795be5518fe49;10014540;1980 Santiago;"";UK
3b01f2797664143a5c84232aa7ed9e504cee1f19f89f55d9ed79f830f7832f6d;10021305;Não Informado;Não Informado;Não Informado
2a40ec0a192dfa0c904cfa6c443a0b8e377f8b74c8ecc052c91aa73d0672a4a0;10015030;Anchorage;AK;US
301f9a2c4568f68b1fea3fc3292f2fef176d8cd2c1c6dfe327051d0c490b7a74;10021160;Não Informado;Não Informado;Não Informado
24ac75d073edbf6036c0d58c77459992b78f09c03fb3c093efc865b34f33cebb;10026365;Não Informado;Não Informado;Não Informado
be8e24f6ee9ae7c5ce7bbab5a2f30a7656d06456436e081c760e60cac0c68ae6;10002128;Não Informado;Não Informado;Não Informado
6422bdc38b4baffcf31afdbdf8b1d961cb65eb4086cf8c722ae856b295c9be74;10019664;MOLINE;IL;US
61e58297d827a93cd2efb181e6f3865004c4a301793e4706a644a01c1812b048;10019952;Não Informado;Não Informado;Não Informado
f31f09b3a09912730fd44687ba3a9957ec282309f2209b2f420d88c2ecd27ae7;10024725;Jasper;TX;US
8a0a0ee52b3d78e199a91c954c3001ec1fce42418070d93f202b14e2d62da5ff;10023447;Tulsa;OK;US
a06a9129e5aaec17de3fc4f64f19617beb343a0e85fad089531d0fae6b026281;10017307;Anjou;QU;CA
5554a12b7cc66a181befc7075c50800fb6289c53db956b0a460dce836d025565;10020181;D 95326 Kulmbach;"";UK
5712be9a28616f542531f4780f3d932cb4441fd3e43b97b25afb40ea6d0926d4;10021242;Não Informado;Não Informado;Não Informado
b0c1da94248925c31517923f7c8b54c15ba8eada4dbdd859d755ee5f23e20031;10019913;Calgary;AB;CA
9b374364a36e2d473a8a1327c6a39d2c6e48f1f3ffa039cebb8827372b20947a;10014469;Livonia;MI;US
19fbf18c5db2f4ba941cae022583d5292c329732a9a23fd81765b88ed6797854;10021139;Livonia;MI;US
e0a726b9963ec02cc60a2ee0a9028c7e3651b54214a7835ccec83689843b8f81;10011521;Okolona;MS;US
2b8b1077b9e3f22d8e29d7589d19622353f60f8728fd3041333bb23b767dbc08;10025771;Waldorf;MD;US
1e81d9b3f6913dbfc15bbb60392109e627af682ddaf4b040489b1580bef91a51;10009662;West Point;PA;US
023a3f6608c32848e8c354c5c002b1aa98bb3311ad3d9550bd302e2524f52ee1;10024260;Spokane;WA;US
eb6ce597abbd2aaed17eed9fe5dacda09d2bd2b9eef03eb92cd4cb9696746240;10021415;Indianopolis;IN;US
dad9a96be71f1864d01973e9ba7e8f285898a86ec72a711680c066ff58ec62d7;10022423;Cincinnati;OH;US
81b35f6133a28429e8b7f2183c53c9fd97d426a411417801baa096592cc1265c;10018580;Beaumont;TX;US
a2a31a511435f84c25d4aa9c5bc828f6520d84246c6a173ddf89b0840b7656e4;10013341;Não Informado;Não Informado;Não Informado
4dfeee45ca6482bb17ce46cd09b337ee7efcdd12af4a9c8d51db6496a220e54f;10023964;Não Informado;Não Informado;Não Informado
af715ba5c1872d2d597d70b795a70096f7d5a0157ea8dfa5f792804423d56b95;10012157;Não Informado;Não Informado;Não Informado
94862d9ba5d558378092c4e63a810e3d436cfbf78d039bc4b86d48afa6a7a77a;10020931;Bozeman;MT;US
07ccb4db55a8e56baf04f511914eb30ddd7ef5518e333a7bc636424611ad03c3;10025291;Dover;OH;US
75a251980c658b1ab6deb60ee29c4dddce0e29806f2fa9153d0a3f4d6eb77353;10025560;Cramerton;NC;US
0d5994ac50cf9d3ff2b5740c45ff5d0bd37f71ce03dd4b7af9101bfc824b681b;10024942;Não Informado;Não Informado;Não Informado
e54699f43a00620dfea384356ef98489fb1d5708fc0d7b554c2f9dd27729a1aa;10011089;Não Informado;Não Informado;Não Informado
6740a0901b77ddc464736d0c1f44993adae6aa557e77acfcff05ff1a27df7257;10005043;San Jose;"";UK
3db13677d66662b62048b99f5164f77496a930949ea6816b60866196324cf45c;10019880;Somerset;NJ;US
51ed68cd5bfd83568062a5bcaf0d12f72a00a9e678a2d0dd1123cd7306dc5547;10025285;Chattanooga;TN;US
e3b0c44298fc1c149afbf4c8996fb92427ae41e4649b934ca495991b7852b855;Não Informado;Não Informado;Não Informado;Não Informado
5c06396d416beed9a187c62f716b322a8d36f58dd14675d40ac14d93f9032baf;10020080;Não Informado;Não Informado;Não Informado
d0ca4f2c6ac365090898029999fa617e68a9910925b82bff925ad291e52ea12c;10027082;Edmonton;AB;CA
a5dce189343d61346acf19534e5c9eed253920acb01eab9749c453be975317a8;10014238;2215 TC Voorhout;"";IR
70ef15e50259e6852a20724b6f02d812958e2f7b072407efd7620601febcd7b1;10024022;Irvine;CA;US
5cabf299f7e0652bb4f9a18cdbed64126fb9d67f7354ae2ebf202cece8f84af4;10023221;Overland Park;KS;US
c84dd66e61121fa5f2872046656d1a631761c747f804382ba01dffef5ade162b;10004302;Baton Rouge;LA;US
da7faf4897c37e273d12b1957f2396f2ceddf99c490c7e883ba4bddac3707121;10021470;Wrightsville;PA;US
150e630e6134094b78a58f01adbb7124a8b63333510c0e2325613434668ad305;10021986;Livonia;MI;US
566d281a878623753b816380e8f0b721abbc25962148966bd4be380f4dce0418;10020915;McHenry;IL;US
fd104f50d6fae66f0b807c12a85b476804d15b0b37faf633501ec70b3cbde843;10021240;Não Informado;Não Informado;Não Informado
f68ff4252d1374512473f4e32ba32511169642937b666293f538c7fe071db4d8;10013572;Não Informado;Não Informado;Não Informado
78b50ed8bf3b9ab3d55b73b675fe013e17e3995fb672206acd89896ffbde2ece;10021222;Buffdale;UT;US
8991649a837916081e63549d01e469b42aa95ab7d7c80fe850ec3049144f7f14;10019150;Jacksonville;FL;US
753ddd6686b8908d38e2b33b714b0be1e975f9f27448522087db618d11e8f244;10011600;Não Informado;Não Informado;Não Informado
8dfe20c51e732e0b06736b97cff0f6885237459eab4d1a6e49a9e07423a2198f;10025251;Wooster;OH;US
2e1113d7c14af1a006cf8fce13adf87147b22bd9c02f65674dae01165c86c134;10025061;Canton;OH;US
cebd48e87ea526bd5c92f64e56f6a46a656c966a35e9b05b0817adfb238cfc34;10007577;Stewartsville;NJ;US
4ee284e8380439f7cfe667dcda6a5e27dc9c4b3cb07efd0ef9ef30b8c26fced1;10021472;Surrey;BC;CA
450511ad19bad505cea4af26b283d2549e39711b07a9ec15ad1d6a9b95fea8a8;10010717;Waterville;KS;US
c5df3c17b8c036110c7862d773ed331f6301d6c0421c1c6d3d302a292f2d5a6e;10023524;Clemson;SC;US
cea1be514fbd3d18bb594dad3ec93cd29563482937a786e8020d2fef46df8010;10025298;Toronto;ON;CA
c432966d79cca0e41f1d0b5ea75c7cf1da1ae270ad1da174bdbfb2ce5cd4f6c4;10010698;Gardena;CA;US
b0c4388c1d9a3507a8b26be7bb6fdddd259ac597c9fbb9a8a5c7a9a57e2289f1;10022252;Crestwood;IL;US
