DW_TEMPO;invoice_date;_year;_month;_quarter
c8d8621a2b065d9184c1f74b15cec4bf15b6b6d613e2724bd21c70f561efe2e4;2017-08-17;2017;8;3
61201ef5f386ef49e7e514bf8d495c0c182bf2696c80861d0c312ce6e6f224e8;2017-10-18;2017;10;4
813f61aeae6871d1768f3d8c1e3e7c735732dc8ff3c6917f3f02182d379b27af;2017-02-23;2017;2;1
6e167a0e1faa2ba5669065cd5ad4ed73dbf0e2eb3c1e4d206d06c99581291a11;2018-12-22;2018;12;4
28beb59f1e97a2c1a75cf7f2080b63e7a8188df6aceccb3e568f9f22a0921bcf;2017-02-22;2017;2;1
f1cc7d16298a93bbbe92b9aba9af5f52b7fe4473c510af4b0c4eb2973200419a;2017-10-25;2017;10;4
a9a0c20fc455e5b4f1254aeb26e4ec28dde3b3c2bb99c158ffd8f0bc2362f136;2018-10-29;2018;10;4
7a657b44ac15aac05529cd33ee76eb42a2c5f8a9ab4043057203b52d91695f6b;2018-04-17;2018;4;2
b9f7f68ee62b905300e4e67c0471b338034948a774c4dd106dc2aa28036a60d6;2019-03-18;2019;3;1
cc2950d8c8984cbe42fa6caf9b3aa2509d09c3780f68f5e98fd9d066c0cda58a;2017-12-03;2017;12;4
1f41c20ddbe50e84da72481c31bc17593a29da4ca36f6fad851ed5e1a9e44c5b;2018-09-18;2018;9;3
0fcf624252945c8dc1527da422e28e80ed9bdbe8be1aa40909be8def2455a3ed;2018-01-09;2018;1;1
28528d2f2d6b62e6dd09a3686ae6f40e4eaadf7d3f5ec0aea7fbab4e890634b4;2017-10-22;2017;10;4
c88b97534cfd9b6657658082d120232c60e5d52055082cfac317e95f69640868;2018-01-21;2018;1;1
a49825a56f7d947f5b510cf2b960d2334e3fcc30e4eacb63eb3fc360ab89d669;2018-05-27;2018;5;2
b893d8ad99f32995c56bf0e85a615b96ba26bfb000f2b3842e3564ed6d8ce52e;2017-08-18;2017;8;3
cc460dee5547b31f3efc213a05213023ecbd2065ffb0cba31b4e18c4169fa972;2017-10-26;2017;10;4
20c7c410fde84740dfa3accd39e96aed85a6fedc72b6a93970f97d729b9c3e3b;2018-06-06;2018;6;2
e3c8e4ecdbc9ea6b54dea6853b8eef57bf87fbc0b97f04875f5ccbae2462e21b;2018-10-30;2018;10;4
d3f2f6e6f25c7735b8a7883d2940ab9290e60aac2821888e9b4fecf456fe068d;2017-05-07;2017;5;2
875778d63a3aa3847d9ef1d163f0939cebc5bc3630057fc8cf4fd133286af241;2017-04-06;2017;4;2
c26add938f42160cc23f55fea6a554f22eab0c279200e590c0710668dbb3b89e;2017-03-18;2017;3;1
c394310556ab9d140e2c28292f71b4382c8dbc8924e3599d34e770c19bd30594;2018-01-05;2018;1;1
f7761bbec02b74898a5939206b47c067a24907dfc215d6a1cbe62172d8cf9b56;2018-07-10;2018;7;3
10ee08a4e31bf75a363ee08c844333e3effffb60f9f0f1ca49853ba0a90d2cd2;2017-08-30;2017;8;3
82213a5d6448ce508ad3ef6385b5f5a59d5915f0191a84504017c015803c0b59;2017-11-15;2017;11;4
c03d9f5dc47ee6b537fae54d0ee4877e771fb2f6e41e0eb20e67407a7cbdf553;2017-05-27;2017;5;2
d4265146920f0009d21dca8d76fd582398a6c856e72da94c11c3eb04df871476;2018-01-10;2018;1;1
c8a9d7f0ca8930078fa652e8b31515f0dfa1a90f5314058c29bbadc57de14f1d;2018-07-07;2018;7;3
634c76f8cfa73202df104b31f138a75e5c344b87188f4eb0c1f63b14729cb423;2018-06-13;2018;6;2
2e9289a1d9eb76a9697052c8ce3940bcf8eec98a8ee9c2b513c85a3f685bd110;2018-10-23;2018;10;4
4bcfa86c1221ee57a190fb07835c1e592a368a8e6efd97362569d54a24306a6a;2017-04-21;2017;4;2
b197bc0e2e5600df688482cfa85faf04fec752390e19cc07f7b19776925b66da;2018-03-26;2018;3;1
df7d90cace830688c88d5a60971b738dc499be730309087858c234eee9342897;2018-05-14;2018;5;2
d769ff6ed13919050e996e5b7da0fd72b9585a31e78401a603c7cd21a3b92429;2017-10-15;2017;10;4
d3c3b1f491639eae2b3d4c920cd62dc9af2858abb91e97ebca0271b9a5b16748;2017-04-08;2017;4;2
105aa3b7e594757c7c5eec3e94a7f561b91d7b32fb2c6f19982c7ddef2cf73a6;2018-02-05;2018;2;1
3bb3d00c180fc7f2a0c4267d39e013ede71763e9c811ef265e4d33d713e96167;2017-11-04;2017;11;4
8d0f8639a5ee95525a38dab43842ed6387d63c30874e0394bea1864ab7b3ff2f;2018-01-08;2018;1;1
b1950ec2788dda9c994c373ade99fe379b2c500650ebf006c2e8d0ece56ec7a6;2018-11-18;2018;11;4
798937de5194e0a66685c6e1b9d2cbe093861d4740798c734136434e56f1d37c;2017-05-19;2017;5;2
63629bd514e56fd363bf0e92b5e05f2400db9df912c6ac56ea35a10e881263ef;2018-03-14;2018;3;1
96beb049862126a5dfef906f9067fca81bd45d6fab60c02b9dff901bf64d6dd5;2018-02-01;2018;2;1
592387ccba303772c48964dcfe674e3f513996aeae01c907e3f32589ba8e87fb;2017-03-22;2017;3;1
e75deea0dae9e4a1af61cc21fe276d9fd1e0bec49a3d095c82cac4520cd04a00;2018-11-17;2018;11;4
33bd6c62bfdf07a80fe2c6dea4292ad4600426885f6b7c88a020005dd7a2747a;2018-05-28;2018;5;2
494c57c869f0cd16a7367d83b44e4179d1f74f00cc1cbcf603e5789a049a36c7;2017-07-28;2017;7;3
8c221973f01c422b3e44b8c94eed0839ba5181971a2df36e87a2b61d447446f4;2017-09-15;2017;9;3
6a5e9f2b34d4c7fdc7554962dc2f262023e5d71a10e0c9bd05419267a76e7b78;2018-04-24;2018;4;2
d89dea21ec45082a3f6396d344dd43b942c1c907c25d6d845ba94ca2c75694f8;2018-01-16;2018;1;1
f46b8aa1b62ba0b458071ab06e49aeda650deb4ba679725be0b14c40362a8f14;2018-02-11;2018;2;1
73fe0fa560b1330e3a62b20ef0e452579de82c21d48a37c2cc45675f21be22fd;2018-11-24;2018;11;4
263588963a9761f517ad605dca6fa0019aa7fa7f56996069d8525f0272c70b7c;2017-02-15;2017;2;1
948544be8577fcc3dee8feaf63490fd78db587037f2aab1571d445c4625f6bc4;2017-12-02;2017;12;4
fb6a0aba7607bcb29ba1b3b1825727dcfcbef8f8821bd65e46b37d515760d575;2019-02-04;2019;2;1
3eeca3a54979b72b74d5c93597cb1c2c6103207603669efc92186a07cf578181;2018-12-03;2018;12;4
3bc9ca49d1f9fe3e381e94e6f5c31a3abd1bb60fabf81f8e03952e0dc54de7ff;2017-05-10;2017;5;2
ce81486bb7d46a61cae2a056f92a57daffcdc52370fcefc4a83f747d8759550a;2017-11-18;2017;11;4
b70cdb8f0c355ad8b51715a43ea58e8e785a415b047fbe8c4b949cd562b45036;2018-06-10;2018;6;2
c8b529e50583303256546a0cffe10c146f1f01454e879a9a168483c5f11f51a9;2018-10-13;2018;10;4
06eef3f0f4cae9319aea582a2dbfb7c6665066c7cd42b18ec0ce7e9c7e5fe4bd;2017-08-31;2017;8;3
5965d65fe9bd3f150d525a0f0ab789e60cc2d50b39f83713f08448eedba02d89;2018-04-29;2018;4;2
101b31dc8cc5d536ad4f4953570035ebe7c391348e0f94f5d25c8dfae32e4958;2018-06-18;2018;6;2
c46f4fab5b00d16d4fd6e7eadc7a4ecf743cd28651969100a5632fa505d42cbb;2017-09-29;2017;9;3
989735b125b2176de0892efade41ddc75c9681d3275741a9a0a4e2504ad255b2;2019-02-14;2019;2;1
b2c72db478e0b7fd3f95a42a571798ef4f6e43f6ab0f9718506917acfa40a06b;2018-03-27;2018;3;1
d3bd2bbc214b887bc7a4ea7e4d72bd47e50825cd645fad979d2d802732673dfb;2017-05-26;2017;5;2
4c9c0564d9016f7a2ab40b5c8350ed438541294f728520b4295a1c85174a0cfd;2017-07-06;2017;7;3
80b6f93d139ca2e6a96561c6f37bd5a09deea77c638d151cd46d0b2b2870c40d;2017-08-23;2017;8;3
18e3e56994e2eafd252084d74cff736c51aaf05cfb0dfb7bccde1925675d79a4;2019-02-12;2019;2;1
837299e3d7936c766735298e7c49c77b362b1a652f1d18d708b7a52dc49ee0e8;2017-08-05;2017;8;3
f393b4ebe5652315a57c26f0ce5727710d854ce61a43962dccd99160e1365d3e;2018-09-17;2018;9;3
9e2e1ade1e4d7c5212672f025e70d1013286bc34a3c3858181d22cb017161ad0;2018-12-19;2018;12;4
7fac75ebf591345a3e8e3af034cc79f4abbd7791bd7a6914314589a43dcefe26;2017-08-02;2017;8;3
0443631e039566dc3e4534cfac2b5af59fcf6644b1480fff8e9f991377215b79;2019-03-13;2019;3;1
ac7c3766379f0f3be39fe1629abfcc6f7aac365a0c1edcce144658509e0ad64a;2017-09-28;2017;9;3
98513fdf9bac7dd32562af36ab01e5b61d47e3e9a7cd4342db5950db48f7d6bb;2018-12-02;2018;12;4
52f1e106bd58f84d3941dcab4dc78f34bede59ce5f028244defb3492d83ddeb2;2018-03-12;2018;3;1
d63c00ed55e83463f218658fe685c6be48ff15894dfb4d9f6348ea2ff9ceaa08;2017-10-27;2017;10;4
064797b996cc0aa323422f245172ae203bf0ac570c19bc7f246c14b4092f76b6;2018-05-01;2018;5;2
4962bc51d285846cb39051f99f61bd8edf4b1f4dc08863282fd240a57225346b;2019-01-13;2019;1;1
79759be58659c48a66530daa064ea6cf775be5739ae1e00468719431255fbac9;2017-01-18;2017;1;1
b565b8076c0fc9055b10b4671be0389d0f65251266a279add48e9b9705436140;2017-05-05;2017;5;2
cdb8a16faea74b4d7480514b730e2966959c011990d86da7a9855a9c8d799793;2017-03-04;2017;3;1
df170947b177de06d7b0a08056fb14feb2410fc39f2e9346efdd8b61953949fb;2017-09-16;2017;9;3
fcdb1136f61de8d51a6268f14091a0daa3298eeda15509002a68bfbbc362ee7b;2018-11-27;2018;11;4
ac73efb5c668b792445acf220865e44fa724d51c42fbc9b72c57114391482418;2017-02-11;2017;2;1
97177a90bdf4e2678278becadc0605ddb7c854855aa17a16ad8c2cc9d75ef097;2018-11-21;2018;11;4
d9e23da3765f60cd446d0fa58311f19ad59f7ddcd96c3a9d661c56c2f1c70383;2018-03-24;2018;3;1
3ef7181db7c96c61d5fa321977c9f40fff17b3ae75be4e199f44469f72c67168;2018-06-30;2018;6;2
c1e3199c5e0175793931dc07d64732e77d7aa6b7e16ef01a82aed53204e75f20;2018-12-10;2018;12;4
e5ee87988fb1fe9bb0cd87b2dff159c8afd7cb5465109a408696f32764f5783a;2018-01-17;2018;1;1
6cc3db68fa20ee1fd84af75e0865b545fbbbbd0e276532eb13afed98815a1e42;2018-05-02;2018;5;2
6066431cb3c9a97c5eb5da3c029eec7ba2699ca5d38bc0828e0a43be09c7e20c;2019-01-07;2019;1;1
a8e4b707f542fd4b46a01ccfa8615c8c983c0152b3b7f08a6390ac79a55921f3;2017-02-03;2017;2;1
095c275cb3367ee9477667637fe13655904e6bd003328f71151e3935d72a459a;2018-11-11;2018;11;4
b95974a087a927358c4aa67f032449f1435567efdf9f9042604e36facd4f4e3a;2017-02-17;2017;2;1
c524940af58058030d68990e287a876a1837f92421e2542bf92c0a0d3f575ba5;2018-01-04;2018;1;1
08866269a61cc3f61c3c5db3603a2eaa4d84caa43a36c42d963a14a8a8498e13;2017-10-21;2017;10;4
84887902c8dbd008ddc6e7a6a79f28027c6cfc7921d773ac881e01f2ec8ac5da;2017-03-11;2017;3;1
fc8c7818caecaa8aa54d7cc796d63a52fae89a5838e3dbc729d7e273660c00ff;2017-10-28;2017;10;4
0d076966b05c63a40f893ee4a1430bbe744ffb8d858beae77fa30963752dee85;2018-05-20;2018;5;2
770f7527699ad4a110bb7449fcdc3a8e6be2edb847167b570a9a92363674f286;2019-02-07;2019;2;1
59851cb4484ac2a1de8cf120cec894619737d19a17b8abe98f88fabc7d0e469d;2017-03-19;2017;3;1
5c7136f5c32153ec4f05464a043e5d331bec3a4c1a97141e4263d183b0c9392b;2017-04-05;2017;4;2
1f445ecf9ccc9b66ba9dc6b43a44f4203b42e01944e47ee0bdc297103f98472f;2018-05-29;2018;5;2
3e58647f1aa8319d39e924c25e833921e15996b201654c48eb543fb80409f54a;2017-07-03;2017;7;3
6d0a26f79617a0b942a017777965a06aa940411da0ec7fd78f372553d63eb35e;2017-12-29;2017;12;4
7eb7b9f7f60787f6b7013f34da7c8f8cfff26562fc9c40aadc7e69c74e42df16;2017-10-19;2017;10;4
db7e3bf6f4ef762455af6635cd7174836de78af9b4b1675d59193aa33a210661;2018-05-15;2018;5;2
6fb235a37b50d650d4c1426651adf9caef19d8463af46a5bd4c7a78d9728a074;2019-01-06;2019;1;1
4af875ad93d965a21195d20cab8861f2b227be7fea4a1955b1ba69691405f986;2018-02-25;2018;2;1
c56c55eca868b4ae32923af7ed9eea06985115fad15b46d18eeba04b21eeb602;2018-10-01;2018;10;4
da4a5b26389e20d02d7371476021b50a221e08466ac63c95daaf97598a726cb7;2019-02-13;2019;2;1
36755e515579274fbba985a791bd770dc0db6c173a4fed20853a5a3f6bc30065;2018-01-11;2018;1;1
dcd5c767626cfe2e1110821e01caa69e8f11f71529d03a4fbfae046afd582fd1;2018-12-04;2018;12;4
b9ce38a120cb60f3961be962146941b49610fed6953997963ef4f8a4ce151e18;2018-01-02;2018;1;1
e092e9c4e3194665546104dc8295ea2ca02f01d53449565becf6d07383e70f1d;2019-01-21;2019;1;1
179d853fc7bcd1f3771c744570deafe01aa4816b49a3172da1a3408928b5115d;2017-12-31;2017;12;4
b716d6db35ca2623bfc0ffd5b83ae44a5e148f9787fa630b542ce39d3b58a9d6;2018-04-22;2018;4;2
45717c57348a14bab17f5d79167bf199e02d61df8a07e4b62109ce0ed45096c6;2017-06-28;2017;6;2
0aca43f28a4b5c49c53e3813354e9e5fee88bb90f067d1370703482be6557e60;2018-05-05;2018;5;2
e843ff697f710cf04a6815676374b972a28c90a01a1017e869f9f92bd9bbf04c;2017-08-10;2017;8;3
c50c994c8b9c277df28538f42f969a1caf5e55d3b7f0d94c6b21eb7ffbfe53ef;2018-04-28;2018;4;2
88e9fbdff688f6600abbdb209c0d4a3ad15fe43ca0369df90bc15b4b17f595d9;2017-01-19;2017;1;1
101832c5f15f8cae95012657e84a78b416306a5e368937270e4bb887bb2e582f;2018-06-03;2018;6;2
0aed58beceec381e445312b9db657be95bdff93f0e52e2e4b9b19a760b581817;2018-09-26;2018;9;3
c9542319fe0a60748a4f0c526c5b460329e9a4cd34026f795ed5434e14730864;2019-03-06;2019;3;1
77d2da9b822abe603ef5c0828abfca6776a138cc06e379450d595ce6f59be2a4;2018-10-03;2018;10;4
1a3d0875fc8d4b618a738cc0b0d7946105c499ae0f6b217c39ad88d3141449cc;2019-01-28;2019;1;1
62af09e98d93889ea55eb122a849d7d45edc100875a463edff34be2907abad3a;2018-08-26;2018;8;3
184cddff1bc3228a6759b3c378bcb41112232be9c7f734d6f90de1aecf6f9d2f;2018-09-02;2018;9;3
7d6cfe9ddc208bcd2e046c54f00885a15d8f855b82f3b7ac08adfa231e3eabd4;2019-03-19;2019;3;1
ad9796d4643ea67adb972136a5874dc0daef79009280f611fe7424a98b18bb8d;2017-05-11;2017;5;2
b269a7199840cfb9f01345569f677c2cfaadd37d5a0604986f4149367c57e240;2017-07-22;2017;7;3
d7fc9c13a60154e4d6ef690b85b468e400bfc332265f3896afb2fe889dfe0484;2018-10-09;2018;10;4
022455202b4b67704200326f4165271f203893e7158e2cba2821c67678dc01fa;2018-06-28;2018;6;2
689012b2ca3ff805df1d0cff218e18d2d372db887d1158dfd6dec934b9658cf7;2019-01-22;2019;1;1
58df88d2393dfd0d049af5572f205a7571949046f3c5398f2134cb7f81c036e1;2019-03-05;2019;3;1
7f2ed7b6bbe2e946f4b5c14359c50e3e79591077d913c7448f0b8e69e3db0adf;2019-01-10;2019;1;1
f16e62ab2beb440d43ba172be42b3dcac2b4e773c3f8edaed437ddd7f9fd7297;2017-04-09;2017;4;2
42147922efa544af2c20086130140f78e544693c75e56d5944650d3d0871fd2d;2018-09-16;2018;9;3
8672222e6167274bbb516d04047ae43c83cc1a0c0fe7532d476186f77a995e84;2017-07-19;2017;7;3
a9982796e7af71340360a9d3e8ba794970630ae2935f61bd4e697813c2afdd7a;2017-09-21;2017;9;3
2070d2209ebabc6cb4d7394cee7a32804ace0b1a8f569500e51c49718c1e1eed;2018-06-16;2018;6;2
acbbe9fbf4df366c9ee3b688b96e7e258749e23a6147c92c9190d3498f776b1b;2018-12-16;2018;12;4
569f0a3c8276de671c1bb45ae923e928d1a5b06c5ccd957143940968270ad91e;2018-02-21;2018;2;1
03f00083f29fc69c160a1b8bd7d24708fa0b38cd2771f6ce396ebb133d699130;2017-02-08;2017;2;1
60793fd0c2a9f331d47b1247e76018064afdb7cc7d2547a2968024a41b7a5134;2019-01-02;2019;1;1
421a08a3859999ae9d551f2d9c136c9c1abc031faa0e2f6f7cdcfc9ad77a62bf;2018-01-01;2018;1;1
d000403b43089edeeb81760177efb67c6065c2045b5dd7cf86c464a0b6b451aa;2017-12-27;2017;12;4
9fb749fd95e5eb9576ab8a948802cc3993426f145bf6c2e952da967507e012a8;2017-04-27;2017;4;2
673774ca8dffb21b38c14749eeaaadc1bc408bfe71d09f6fee82bab7dba1ed8e;2018-06-17;2018;6;2
ed73e74c9f4385e3f03efb21b071bee54e56e51beadd35af863394517a387287;2017-04-02;2017;4;2
3b9b51f6b5fdcf09e4a1379a9e7db1779515378fdacfd886781654f113eb4752;2017-07-01;2017;7;3
b7b05ff8f4cf5f5abc03c9cc76b4baac1e55234b7c1766ba06aa586817fc4e34;2018-09-04;2018;9;3
1a4bcbd4b822e8ccf0e50c819b552cda019135f3c54f634c996e6084f33463e6;2017-03-29;2017;3;1
702b67ccfe554cbd2d24881d5256ff0ff34f81dc07d2e1dcfdc8e5d0b815c6a1;2017-05-17;2017;5;2
92923dd1125d63d8c3b64e2405defcf413bf42308264ae247b1035adc4fc9c7f;2018-12-05;2018;12;4
0281ea88cf86caf24460b952ef7321510fbb22161f7eef555bfa6d0bede76283;2017-07-14;2017;7;3
be574b6fe1a892854bb8f56c88725cf0f8ea0296e2e69a55f0fb7e207f6d0a00;2017-11-24;2017;11;4
3ca1a7f7881b919a3f34bbfcee6eac143289c876cd6d520a2009a4a176b1c2aa;2017-06-03;2017;6;2
e3b0c44298fc1c149afbf4c8996fb92427ae41e4649b934ca495991b7852b855;"";"";"";""
74da198f52a257055eaa07c2caf882250b097c230d55c4f3188a31841cb1254a;2018-08-22;2018;8;3
7f09604ddcd88e448ad172f5e947b9c890b41e92f9068b5df4dda99abf3efffa;2018-03-13;2018;3;1
9dd41c19412cc8621d69677034a2d3179b4c413135729a035dde76af2f4d40c1;2019-02-26;2019;2;1
d2bbb8213bb300d9f7c5d04b2c73d0380992e2056b5c7608404c1765f793341f;2018-10-31;2018;10;4
8b2548655bea42e8956ddbb1a404ddb698b80612b5457e1f029f323f33a4eabc;2017-07-26;2017;7;3
d6c025a9bed69a78aaa0e04c88e49ede4174223efdb2c0018005916aaf07c28c;2017-06-15;2017;6;2
7a60833a9a2277eff4c5333e27a6ec721e80e63eab951c81e11fe88966334500;2018-05-12;2018;5;2
3b7bc22f266872bbb36f325d51bc74df81507a95bf0f7fae6e511ce78c934650;2018-07-01;2018;7;3
f3d49a32e2e3e1eba3d0eea18b82e204d5027f71e26feae54c09efdae769c87a;2017-11-30;2017;11;4
e3de2766504c2db6d5973d9493f166623eeb2ca98e0bfcff462f16dca53202f5;2018-05-21;2018;5;2
7e9826f5d013561c35665d5ab46cffe1607168d683b2e10cbbbd7cbeb11f0cf6;2019-02-21;2019;2;1
43fe885395a22ef66e84d8538586b3c8e769b78dc6e47d451514d0e8196d9b2b;2018-08-07;2018;8;3
b875a3a3dcea9149d2bb83cd1edc4860b4146ab5557551316fcfcaf5fd81b40e;2017-11-26;2017;11;4
7899b9c72d7964f29012e0de38b7c8a7e62aa7030ed1ab8d7130434e083b9507;2018-09-30;2018;9;3
6a3aee08f5a5c03d5b05fccd99a4d7a7439947e9b4e1a8ea96089d0a36bbb7e4;2018-07-28;2018;7;3
4ff2859d1a5d84a58cdded7e92b4b21240de91cf909b7afd8bdc6645d02cf498;2018-07-15;2018;7;3
22450b594928e4a54c7402e969c5caf70fefe4459e80969fae8dbfda6b635e23;2019-02-05;2019;2;1
9282779cddc9ee8c534a853db14aa9762671721c503fedc550725404a4647d66;2017-07-05;2017;7;3
cf2a00cf426d46f8f4b74574e10ebdfdc8887bc8a43a96467abae3fd001c6332;2017-05-14;2017;5;2
6e96cd00c456db1aa1b15eafb8a0167bb5614dbbb94d2cdf188e3dcd32693d84;2018-06-25;2018;6;2
19ec1ed8340cd1975d1f2cb5d3d1f0c671a792f5c2253dfa408373fb74f7ddf7;2018-02-15;2018;2;1
ca6d1eb9527dcbd9bd0a083ad4b0ebd0c9bb83be58d464f597034afcf8f0e182;2017-09-02;2017;9;3
a1315931718f0175e93f420e659dee5f4024d568768c6df232a4bbff298e0995;2018-03-21;2018;3;1
c06300bd20b2e198b36afcc26ec17673b84f71605177fb89a468a5534b4813fd;2017-06-25;2017;6;2
f19313116ca5547dfe01d9e695ac1430d95845d99fd4457be1ce01453ff80207;2019-03-12;2019;3;1
97e155affbe32236f59d3fbfad34b10cc40de81fd3f60d2c3450a78dc069cd58;2017-06-16;2017;6;2
201a54b168c040c9e637a689fe793a60271987659980d527ed7436417178d72d;2017-12-17;2017;12;4
45b4889881d0531771b341b4c8de2edfe4a54f7a028a16b64e3259f7fa5a64b5;2018-10-02;2018;10;4
053a0962cf31646e27c746c912152cffc5783506bae523167194bb9678fb57c1;2018-09-15;2018;9;3
fb9099f7b76d5445bd37e2483e4464639929684f0962ab9070a4db786290bf53;2018-07-08;2018;7;3
6cff5ec824baf193ddecf4451a8082d800b631402d7c1a4131eb9c0225e73ee0;2018-04-01;2018;4;2
f9f161fb8acc99c969313a985be90e4b0ad0578fb73ca5101486b4f94c2d6f66;2017-01-21;2017;1;1
ea07368d4b084e72a2be2cef9ad73d08071a618d41b960c85bc1de54fc819dcf;2018-06-21;2018;6;2
507a684364c05359b44afaae939f5499fb6999e6e8467189fc82a5d0dadf4894;2019-03-17;2019;3;1
5912ee0bc10d24357e8a8de1baeb8576f0d905501bd8b6af37c99345ee1768fe;2017-09-07;2017;9;3
2dd6e9de36d44101acc7c3cd3e8551936877cad8e8af4033f4633b911719aac1;2018-12-29;2018;12;4
db201d8dac25c3482a96d93cb73999aa7ccfd677d16606af3bab2fb5828fc5cb;2017-06-22;2017;6;2
50cdec80caf9c66fc6b373726b7cbd31cefa1e1833faefc78d231f476adb3e16;2018-08-21;2018;8;3
494e6261161f1fc4a884db6164df0d524a4a38aeadf8b8abf4b7e8d57db2305d;2018-06-24;2018;6;2
41fe3ae90822511d09fd11cf1817c875e36a3e2f2e9359030f908c14e69f88ca;2018-04-18;2018;4;2
bf55dc451fd1eca0c7ac324c8e57d402100a2e53743843b223ce687989afa5e1;2019-03-07;2019;3;1
f74e4c34b631912ecebd3c69c2d562da26cd2f1a6768843f3b9028dbd685cf5c;2018-08-20;2018;8;3
ca1a2643da4dbdf23d5dce41dc5ba13930b47906521617e299b27838667a886a;2017-09-10;2017;9;3
f285f5231f5e09310f37d65cee797b7066ff23076dfc29e89d8a93d569da43d6;2017-11-11;2017;11;4
4edfb0f9d7ea8871505cc4604420cd62240d3f8761c4690095bacf2d371840d3;2017-02-02;2017;2;1
d62f23f55de06b426aa61cc1fbc8b35bce8a55ad7251a6bd782e2083eeecf20a;2017-12-28;2017;12;4
5a0511594b54cdd9affd2463194af83205c9aee838b4481094c721c866d111e6;2018-10-16;2018;10;4
333a8238ef21c24d19c96d1bd58430aae449f3763c5a199d49eb36019fb7f33c;2017-09-09;2017;9;3
04350ba74d1adcb54dac9f416f6c7643aa7fb94684b8b0e2d21a2c33a66ba0b4;2017-08-04;2017;8;3
a67fceae7d92a34c49bc4566229ed076654a8bd21a320d2b845839e49c69ef93;2017-11-01;2017;11;4
37b8090fc26663a664b02a85c980563d7126799332f1f9f958dfdfb177c67f77;2018-08-13;2018;8;3
3bf191d897a6a3801791fba1fe4c370187b2f2cf35870cf8427ba8513a28f0a4;2019-01-08;2019;1;1
d40d39fcb066713290affe892776d3772485719f1095a5ba07fb30c7a92a2a46;2018-04-10;2018;4;2
a97dc5e28bfd5fe9cc8d414ed122ef092fa5734a1adf22dff9a16f4bc6825550;2018-02-27;2018;2;1
06810de39ab965ace34a4b3e778e4fd24a4d4cb8d491328950b2aeef427c00d3;2018-11-10;2018;11;4
a8b34e25156c7593bdf3db03b1680cda64595a30ac06d57d829d5152d26df935;2019-01-27;2019;1;1
dd862542c2334b00dbe6fbef5f9d50fa3b66ed95ce831741853c3091434dd6cc;2017-08-16;2017;8;3
c4f939757221acd581bafb32c908847b2d2a78dd69a271228c144936c09295f2;2017-09-01;2017;9;3
a8dad9cbac8ccd17d9616728cdd85b9cba8b47a30b34fb4698be2a536abd87d3;2017-06-01;2017;6;2
7d0ab6568db0a8fc27b5043f0672cebec11a8f3286acb69df9e4afdc1fda44f3;2018-05-16;2018;5;2
f50130d62f7776f5202d01aa028a366af78db589d7f1bb3bfeb3b0ba312ebd1e;2019-03-20;2019;3;1
b789ae4c41a147e7f202e8495c01ba2ad3ac1a922c5c7e08392a1ba13f591abe;2017-10-06;2017;10;4
6f7ce2ba9b44d6c118e2d77c07c1c9a17ac738fa8bb4d9fdf9445a5e98db9d8c;2019-03-04;2019;3;1
eeb6e22f37b402f2ef509f50b00296bb4d57ccd7b2ebb085aa5ca48c89359470;2018-06-11;2018;6;2
401155f34ee5555f0b659ad4170f54a7876f55d15a4cad5315e7c01f5774c7f6;2019-02-10;2019;2;1
cab66b9012d4829a6f27387b24bd8841a98210f7cc49ecdca370ca8c31ceff3d;2017-06-10;2017;6;2
57eeb1e37eb31d9265e13b5cc288214d4a03ebe96ce2f0a06ffe3e2490a0ea65;2019-02-18;2019;2;1
01007b4ef962420d2828b9eee644eb4a96bc00ed6610fd67a9c248f7c0ea7598;2018-08-04;2018;8;3
9ae89dc3746a7eb244a64279fcc7e26e0324bb235cadf0917bf9dd98e8b57e3d;2018-10-17;2018;10;4
b4d8fa9a9f6a271dbb7b70ea16d8592fb1a89c63a56987350cb179ca12f398a3;2017-07-20;2017;7;3
c939c05cf7a1e625f247149d716a5502cfd34c9a8525d3a527681641e012c4b8;2017-07-29;2017;7;3
6b7e268f7829f4840968d18c7b9e904196a0135a4a252f288012f04d05b74165;2017-12-15;2017;12;4
c5781df53be015998b935e782df66b8946426f55e0485b6c09291a0be95c8c56;2018-07-14;2018;7;3
45c7e0db1e8d505551efe88abdac30154adc6950477a81aa51156d544d4416b0;2019-01-09;2019;1;1
a951a4b5e8972f30cf040336abfe7d26d0f6c1be21a94cb95ddb7ec6df56a629;2018-10-15;2018;10;4
a557a7e1f3716059d44211813cb434d0f7b774b331014618ea488d899378714d;2017-03-05;2017;3;1
82cfae0b24aa90f76a1e37aaed43be2bd7f15cef1d7662080216e71a73097ec3;2019-01-17;2019;1;1
15e9adc24ac0fc6ef1e6e3cb6c1daba6fcbd93cc95eaf404b06c5528e8740a6e;2017-02-10;2017;2;1
c2b58f90f31ed7ed5ff1aea6c9c00170be255fa9bc3c6ed67396ab0ad9af362a;2017-08-26;2017;8;3
b9268f80649c23f649c1f1bcab0d0c2cf208325464fb310d214bba68b8a56d56;2017-08-24;2017;8;3
42e5610a1426fe152208cacb45d9936fb8d4dc74e25b153db9362b5096525af9;2019-02-06;2019;2;1
1a9bad5d681e9d8eae5edad26fb8a2f5bd0092835d550d34472ce8c491774d64;2018-05-19;2018;5;2
5e82edcb5f62a722f5aa1154e6ef8ac0663bf1309789f73770d32f41f8ffa6df;2018-12-25;2018;12;4
8fda67944b58a72e085beef2c43c4327c364336a07bf7f4f56194d0aac928f89;2018-01-28;2018;1;1
7f3f6cfd8b061e2c7ae3bf49a0c40b4761e005123e705410c0a50535ead71613;2018-12-08;2018;12;4
9440ee34849bb9cada4759914fe1128b3dc09a8f803df7b1855c272ab8a3bf96;2018-04-09;2018;4;2
db8556f5064aef5e1f9fab5e35349b2874319058c944bb472e11611eaffecb50;2018-04-02;2018;4;2
a4c1ad35fba44b25a83a9a6ea3de845d50b83112fa26fe4eb07762011e4efac0;2018-08-11;2018;8;3
b6691be4af038afc34e89962046b4074e1b5c7153643a8f95018b2550ea94cee;2018-05-23;2018;5;2
8d26a7d58c9bdbca9bfddd0524aea6e5ef6a5bbb7367793a6f49b63773417a92;2017-03-08;2017;3;1
1cb09eec291497b5233916499dc3806b9c8a02ed343bddac89bfaf7cbf220d31;2017-08-06;2017;8;3
06833ac5faa5d31e1169e6eb559cf55d2017e1b4b40904962f3107939df6b06e;2018-10-22;2018;10;4
cde70ce2872578297bf5d4042ac5fe2b8ab9f51326ed8d1266a4d1ab679b727d;2018-10-24;2018;10;4
cb7a4f43286c42ad81239de41d35530926c5160fb32dc53d69eb72bca9418b68;2019-01-31;2019;1;1
8256aa6aba61fdee42c722dc2aeb26484d843c23db5724ac1d4f7f7e228eee93;2018-02-04;2018;2;1
b6bc061f074a285a5ab9a800e9264c186b771e063d7c43a55a6bfed60cc5153d;2018-10-06;2018;10;4
2271db919f0ae35cd43b2e6c1f55603fa860dadd4bce068dd8f14e237d4dc236;2019-03-10;2019;3;1
e68dc74d1860f063c45e271ac971e10c35fcbbaec58f3c33e87a4ce78c6b0a53;2018-12-15;2018;12;4
6ede5ba7c91b0602ab34f81a94d5782bf4973016723740dab7d04062dbe0d643;2018-05-08;2018;5;2
1c0ab216c18bdd2851b0da0480a00ea76d76e74c1fd75ab15a4b35461958863d;2017-11-09;2017;11;4
eae0e6f09c1f054699f5e45dfdc69456f6e6646a3ac89f34bf1694fe9f4ad4d0;2017-06-08;2017;6;2
9f3b79e4123342b80be2c43313cc7ba2538c8633ecfb399f9ad75808bd14a2bc;2017-12-20;2017;12;4
7ebf2f469368fd429905361492fba24c73a8b4704b29f1beca5ccb93351384b1;2018-04-14;2018;4;2
792684d52f4ef87925452ded7121d3f2de059cff02d90a2b8b60d59e15e658ed;2018-09-25;2018;9;3
db79289aa4473a81d43577dfc66b437bef06f024333ce769dc2eb991401f580a;2018-03-06;2018;3;1
069c21e851ad970b2ad80ab1a24489db918debf114906d2944897e009cdc2f5f;2017-02-18;2017;2;1
6e40d43704927eeee3ce3841ace7970ec49f2dc1a09e94b690223c7479fc4501;2018-12-26;2018;12;4
41fab4e4408ae62b939fed657836354baab9750096bec94cf306e1a8c03fd806;2017-02-24;2017;2;1
29696a264528f0c2b4761009501be8a04223a5d811fb47529079949766cc8ec1;2017-11-22;2017;11;4
098189d9ae6dac950bd3cb2f669102e8e6fbdb34dfcbc46143ec47a1249a7051;2018-11-07;2018;11;4
127c46d110ba03b0780ecb8935bf1d20db762d10b1d5008c51fd21b09ca2ee10;2018-06-09;2018;6;2
b72b481130adf4e3e3a9ffc2b9e7274b5d223047cd2f93cb71b872af8d319c52;2017-05-24;2017;5;2
48e0435e65c5e1e6ebc9a4267b8922de3675719835a8ca5927db37043332ba3a;2018-06-05;2018;6;2
fdf164b67f5ab26d9a97e536a6b7a18fad4f397372fb8a0b51eada2d435619ad;2018-03-11;2018;3;1
418dcf0963e7a13f7925e093a5fd34ff6585f6cf429da99ef6c8c0851e152210;2018-11-06;2018;11;4
b653113abb61191532f449fec99a87d1c3f096aaf3c4bc381932649afe032124;2017-02-01;2017;2;1
41624571dac33345b6684abd821008eb8e5b357aeb94ca07854d9ee5acca0f30;2017-09-14;2017;9;3
bc6f1af38af62ee999a5784eb778d227c50a64b9dc50c616fa598cd3e20c35c0;2017-11-16;2017;11;4
af5f9c06ebf64b71c4d2e63c8b427bb0b3b05491d5fcababbfb26931cf21efdb;2017-11-23;2017;11;4
6ff4347eef1fb32e8295b2406f1c590af2981cc3643c14b4e3b0b15cc74dcfb7;2017-09-23;2017;9;3
adc8d4bba8ea871bf20509d354223186b199bbecb9fa2ff6f9091c64bdacc2c1;2017-03-01;2017;3;1
b7dc8a1396c435a8a03cfcf233fa5da01ff0491d8ca2ada47205c619f7eced72;2017-12-16;2017;12;4
b7bc4aa4aa75593098c67a118587c3995a1ddd7dd1205982f0e81ab853af4c48;2017-08-27;2017;8;3
c6025c5800bc2a959a2eab72c7ee05d27e29f2e1e32147fc649f46c820bfcf41;2017-12-06;2017;12;4
e79e001377831b0ab668982a300ebc10e3511e5f411b0c08a2c052fe6c7bfe94;2018-11-13;2018;11;4
bb1f7f0e36f3089b9066418f6106a792a520d0fa8b03b72dbbaadfd75ed8e1b2;2017-01-28;2017;1;1
ad5126d96a057c8e00129c6bbbf49c9ee58d0214950869911d99acc81b4206df;2017-07-23;2017;7;3
6ab805309d529dca1b9f8e28f58ee4cc23a091e3331edbe1991b439cb6d00b52;2019-02-11;2019;2;1
32013adb8fe8aa7705b832887d8159170aeda2282d9d469f3962858ce6205424;2018-08-27;2018;8;3
3ccf90eaacf1bc62c546cda4d3b33bc4d9b8986d0ff32a48155ab9e5f312dcb6;2017-10-14;2017;10;4
ce023a5750ed20e6b491a517a409f814994cd249ef4091a562fb2a4cac889ec1;2018-03-05;2018;3;1
81b284da365c73173f32ec6c34e60117bebeedf5fa2b4aec01d00331387ef888;2017-05-21;2017;5;2
690d28d57e56d430635b6ad18931796aa4c87cce1a1758f532c8d578e06c2478;2017-12-13;2017;12;4
91dd3323fb803ee4238353e79ed11c20ab755cafd3b4ac2b3bb589e4a80778a4;2017-06-04;2017;6;2
da53670ac3f9aeb093f961e2dcf257cb81abee9d01f1e18c68239eb76b9d9c43;2018-04-30;2018;4;2
41d2e2d19add3bc4547cea3ba9a37ad7f7866ff140b95b05a4b6ecbe3e668800;2018-09-11;2018;9;3
1cbe673a0d10bcaac990930738ac815de062a0d3244fefd2a8ce8759c3fa5fe4;2018-10-21;2018;10;4
a04879d4ff280598a9d9c7374da0a2f3fa54515e194e14c602712b46d2cc3d6a;2018-02-18;2018;2;1
2a2dcb695e0e707e8ce2e0ba75739552ae8e3063b76f5a7515b698445a978737;2018-09-09;2018;9;3
4663126ba3b422d09ffed9a5274b06971b56a0d6f7697391793e5c02781dda88;2017-06-24;2017;6;2
384b6377fa76afd2871afd5c1a8b0fc2266c209c451ec0779211520ba899ca42;2019-01-14;2019;1;1
6c7ff33116d23a9aa5835db66d1b351ce9d02e556f1d73c5a39ae4d38aaf5590;2019-02-03;2019;2;1
8561489a21e037f802d11791de8ac6c35a8c3681940e70d22c4e619212a0434a;2018-06-27;2018;6;2
6b5401674e910294396799c2d2b7a3a34fa84bb9be55dadc4326f7c8a9463ebd;2017-04-29;2017;4;2
db2c8e93d46115867fd5c3339f380498e0d22b202ab5c8219914b83290e5924c;2018-12-31;2018;12;4
fca8c914d80a78c187224120cfeaa818b5509b4fbfd7b156049a064dfd85e797;2018-08-25;2018;8;3
f0dc14ef07a310f2af9e68847a8d70c0d6507abe22d5d2aa7ae6e2e58f2ddf74;2017-03-09;2017;3;1
652348943e1c00f849810a43a281bfbf5a032efa9e5afe81d1167e5bde2bfa68;2017-02-04;2017;2;1
4ad23719d6d8281347193a5eba2b21605cad23cf4881f406c8a88f83d795c838;2017-05-04;2017;5;2
c9d878db6c07d1595488c4927e0b645ef4076ccdc19bdb184d0a736c28f9a031;2018-10-10;2018;10;4
66b0eb6a4bb156c16c2be47e0087e0ad7930966cc13529db970fc1a01ce7748d;2017-01-20;2017;1;1
587220258a9656477f76615df8295da7e2572386aa98745dee24646ac7825cdd;2017-02-12;2017;2;1
45a1fdfcbb2af74f282ef62684292134053e453248f047d4ef8021c6bd990363;2018-02-13;2018;2;1
4aa55d27d24632024fe0129fac76005e101e7bf2a63675423d2a0a78b7d385ee;2017-12-14;2017;12;4
b2fba758dd8a094845a7b61bbfd610dda6db24854c4da6ba5721942b007042ca;2017-07-08;2017;7;3
9c43d7e595de278759aa794f9d2cb499a68d5ac424dc215a9f71527c216028e6;2017-09-08;2017;9;3
d2338328d08db7f0b494d20d456653b7a52b8c37eb26c6a3d9a8738215e5d22a;2017-10-01;2017;10;4
070311b1042bde9e0459cdaac3f0504f23a5f7ef91f393de73dbcd2bddc1bd93;2017-10-12;2017;10;4
8cd091b905858e68f55e158dd598c6397d42b147ac775f252871cd01991764b8;2017-07-07;2017;7;3
a9f6add4a1346f914786d6210fba06af7a8e9b25406ec273627cd478c24d253e;2019-02-25;2019;2;1
d857b49c521a29456aa212f680d9e930eba54235bd6c2e6afed4e876a0d7914e;2017-09-17;2017;9;3
b79ef3944a8399dc91b6b66e387392193646d1f81ccfe157c9d239128ca6bb4d;2018-01-30;2018;1;1
b8ba27e794155d1cdfd5e68d4f10c448ab786c43f5506f91e886ce5cd68b10d5;2018-03-04;2018;3;1
d6f4b9ea59311b135810435073aec7e7e3ab309b157e6af109ab6e8f8ff7ed4c;2018-09-24;2018;9;3
a6cf1f52eeb205fe35ce568488861ff0b85541c3774cd7240343a9b74740783e;2018-02-08;2018;2;1
c1018fb53e5b176789786ef7e9839d31881213d2beb6a5adffbe49fbb7f2e436;2018-07-24;2018;7;3
0660baf3af1fafb483e3cef4670120a79c14537fb49b345a82f57d135294744b;2017-05-13;2017;5;2
4fe0f7f82978b04e689ca6d261e2de9f644a3cbe42c3de8b086b5fc5fecacda4;2017-02-16;2017;2;1
709b69a17f0aa7a46acb552ede604f01cc97b3b86e5000207996a0cc45b36782;2017-03-10;2017;3;1
68a1180f8f554c35eda49b5bf2a4479a6609d37d5eb0e79b3cdec69c4e18e73a;2017-09-24;2017;9;3
441dd64fed7747bf560948596ef1f90b976552d8342bd55bef29492c8bba7b70;2019-01-20;2019;1;1
5b7411598a1faa79d38e7ed468a6c5e720e03ee2e8bb9d7b0abdc6e22b2f73e7;2017-08-19;2017;8;3
3ad230c8d9e37f03eda7d0dc9b1fc73f60ba4549751449a84a2169f078aa4c3c;2018-04-23;2018;4;2
3d913dfa1d64df4511a0df6beb880c5c6bc6dcbc42225758f40321967748b3aa;2017-11-10;2017;11;4
c6d4a51cb69fa4a95a74acc1c8ddd35a44a6e8bc05a8852bf91eee984010d089;2019-01-30;2019;1;1
240356e27f9bf12e2f6b4c305bbc4ea4dc7f50a5393d07ede73f149303e89b27;2018-11-03;2018;11;4
984789577946e4013135051c48be08690f8b4a3556eebff6f84f7765c45a5872;2018-12-18;2018;12;4
16acbe32369307c832fdc1cc1952a1f5ae12a6b74b26d8d8d5b2cf305cce78df;2017-06-11;2017;6;2
fde5d0bedbb8ba91b49bf8f752a78eb122c5623dc76043c7582cb111b9151e13;2018-05-13;2018;5;2
c0fc4623158bece7b41751253419a5477e24807f520efa7698e5abe5473284cc;2018-07-21;2018;7;3
7241f467319b56580936e6ab93220315fadd8bead0cf7eb4e58b176668733cdb;2017-09-22;2017;9;3
408436eed8cb4e06b99e2a880f59537969d86567e7248b72f1c4134311aa4ecc;2018-01-07;2018;1;1
88b02a3d1bef882ec96fe90246131028a10dadc9bb4755c22ce2ba31823235e5;2018-12-11;2018;12;4
b63ee0b36e1924381859233b615adbbfde95ff23e413ec0ccb7018db4e97cee3;2017-03-26;2017;3;1
1f3907845e8b57d5032b0eed7796c733eb9a07b76a31f041e12a30dd4bede429;2017-06-30;2017;6;2
983877c1bb3dc2cb38fb2d8694f3cced962d1645f11fcfc7bc9db6cae1f28e65;2018-07-30;2018;7;3
4e4d8a0bce5500380dc04720d25a013e1255dc1253744bc31e6cf799b0be7335;2018-02-12;2018;2;1
c622208f880db3048854b8dc47bae96f531b19331e950d7b4036a14899444711;2018-05-06;2018;5;2
638229063eb686d92470283f4227e7568f25587d41d84b2530a05a5e30e0c124;2017-03-31;2017;3;1
560118b19cd2f9e3b8e91003aec99c71ec5c91f015a7ce017b5ae6014537201e;2017-03-02;2017;3;1
ea68949a93a3b9e0d5298bab8a87cad4acd15a0038b9ed4762f71044c9365c6e;2018-05-09;2018;5;2
c7d3906c40584da050bee5c513d467ec1e5561066001d782ec6a0a36ed1bf8c4;2018-09-12;2018;9;3
efae227508cf7c29f03b4c951ef507c46f359a38fb7168d144b9357f1aeaa3c1;2017-12-08;2017;12;4
4c124ae1b9812b0b7ed1278106b3775ccddb317730710cc80602ef8a63de2bd1;2017-12-23;2017;12;4
3018b97cccfa327f3823d6ae7514cf99845568a791488fc433302ba2b573a496;2017-06-29;2017;6;2
f3f3217d869787c18702f4448a92ca6a15e6a1d488aaf618272dcb6233f49c2d;2018-04-08;2018;4;2
8ffa2fdd346a281929745c5166ab2ad267dbeebd44571d306c2e0e46c8054304;2017-07-13;2017;7;3
e2f929129d710d7c8c1b701a73bdd8f5baac73152691df56df5d963c4e94ae81;2018-01-14;2018;1;1
3e19ffacb76ccc6f4764c1d5c7f638d27f234de125eb54672b093ee601a999e2;2017-11-12;2017;11;4
a2f5d6164087df64c77b01af23d9163170adcc74f5c875d6d53e98d3ec2d74f9;2018-02-14;2018;2;1
080d6c05cdc4954a777b5827cfc933833c25bf90767c47e1c1e81ce7b28d4bc9;2017-01-12;2017;1;1
deaaf9a1f321b44b033fef941fc3707dc30baf11d2180d93016a46c4b733f2cb;2017-11-17;2017;11;4
51d68331bf8d7945be3fec3e70665bbc1f546b84582e59bf91d3412a2e65b139;2017-12-22;2017;12;4
162736c84abf72e7e9a1d10cd9d908a81c92536aa7e60c910854f45b735a0efa;2018-10-28;2018;10;4
3014561d08f583c6bbb9968cd34069d40ea05b734955cad39ae24a99b056e94f;2017-07-21;2017;7;3
bc1c73f977dba0f81ade93b0068b07bf09a6e6429aa7230c5b031177d610f552;2017-04-28;2017;4;2
b6b252ae318a8c3dba03cbbead6f824fbbaa1f53f7eb5eade094dbbdf3ed922d;2017-04-26;2017;4;2
f443f7c791b97d21a925f60930fb229ca7e5157ba4ae85d86ea46612772bef49;2018-01-24;2018;1;1
1c514ea23c9bbd171322deea2dbd12140d911a0b55a487ebf553a25d80cd6d10;2018-08-28;2018;8;3
996d543b37a2f5045d8cc76df13bb80526878f639c733e756e2bda54d7e67b9a;2018-07-22;2018;7;3
11792c0884793c2b075e630e5f7b046fb43ef68b826823d5cceb506f6635d1fb;2018-08-06;2018;8;3
64ad1c6935fe731d03c199a931d767fa56d0d88c38d7ea1b89afc7928b06c672;2017-01-22;2017;1;1
2c7f007af335cdf1f448e18c299baf78cc254a3212da538a27e2266ce9945171;2017-05-28;2017;5;2
16db0bd3c65f7074577f33ef9c6de25229874b1ea9bd4718d876d678b72e4500;2019-03-03;2019;3;1
4888b0a310ba003b4a0726bbe3a2283ba3a70fe291c15bc69e617d9e43ae4f1d;2017-05-18;2017;5;2
ac0b05ad6abe21cd384190b4322cd0d2864b0693e0c8ba56cdd3a1736c6a2cb4;2017-10-13;2017;10;4
5d3ebd5ca0fd4b197d406569e5a4f86038ea6fea7197e1abd01ec8f796d60fee;2018-02-20;2018;2;1
5f9eed2999cfc8b82560534422cef51ff12291b1af1a2fa872090a68ca193039;2019-02-28;2019;2;1
39d38b21d535eda7358ed754f773dffa4bea2e606192b601dd85b551711cc71d;2017-12-07;2017;12;4
f897c374080c8899c8e826c1a2c9778ef8e39abb4486fc45718aa74df1d7c783;2017-07-30;2017;7;3
5290bab6277797cfa52ae6d563f29edb3d1982c06e1559d9406ddcdbac315fc3;2018-05-30;2018;5;2
a1105ad5e3b8aa5ce21df0711235d96150219ad0b2f496a77e10adec821306c7;2018-09-19;2018;9;3
f45d5ab0dc5af607ec9b19dbd12d05c2012680dcb6e7dd4947021fe529e37ec0;2017-03-25;2017;3;1
be4ec6771c824b4f9e4a7871c5ab1412b88f0575f9999fbc1775a8315cde5a03;2017-10-05;2017;10;4
208e1638105a15f13ccdea7cccef39f52c262588cf7201fc2157a8a8ad2c8aa4;2018-04-07;2018;4;2
24964ffa0e0e7d6b67912bdbf533292aecb8297095532d3ccee5d2ae20fa7746;2018-04-16;2018;4;2
e22562b6a5b0cf85a9c7c4ff8cf3e1b3f3c031905e0dc33456765509c95a5d6b;2017-06-23;2017;6;2
3d0d7e0058dccb6a9e9f522f8c9e407e70c04a67f97405ed956c0b8f97caeb40;2017-12-30;2017;12;4
9a560498f2fddfec1e30f2a922c60adc198c5051db9adfd81e34bcbd02fdf1d4;2017-06-18;2017;6;2
c93ca480576e085f34a6fbae2dedebc8f79de9403d2271e6614db296f2a5ca41;2017-06-02;2017;6;2
d2e203d9baa6cd7774ca9dc0c9d33a52ca17a113141d4f20d5082660383c691f;2017-04-19;2017;4;2
c7e5a6efe36e82259c9afccc6ac33863a1dc04246434f9b558760a54da4af7a0;2018-10-27;2018;10;4
84ecf36dd899f07a1da044ecbd75eacf39647b64d9601b3a2518eb9bccceaba7;2017-09-27;2017;9;3
e688c91e2dcb10d2f9c38d74a0d4935a1a580d547633eb0ab39279b6f420925d;2018-11-25;2018;11;4
98d78ff1fe772e91e159f399efeba3eb2ae0bd056e3d100a17c73e5fdd69f97b;2017-05-03;2017;5;2
1747c1f28c96b85ede60cc1a597475175168a9f898ac6b13dd64c708bccc60da;2018-11-12;2018;11;4
d2010b137d52e47daa3e90d121084bad80d78ba36e2a711fdf92c929c90eb58b;2017-11-03;2017;11;4
c4845edd154bebd039bcc1ce6e3e7fbb682b688740eb0d9d3fb92cce36df0ee7;2017-02-19;2017;2;1
9e222f20e42239ede8e478a814b7b137c5fec333f53c0006b4bd6817c6cf1897;2019-01-24;2019;1;1
8b5216835f9b7017ff4c0169c8dbc213b61b6d1acec198f6ac6a84bb35354721;2018-05-22;2018;5;2
d3d1ec99e3e9b3543b704acd8359f56ead1f0c38215694eca8f4c17f61f95e03;2018-12-23;2018;12;4
0dcaa12291ea1ada288cb1e942fd04dcaeabc48e1c46a8188a359c87e6794850;2018-09-22;2018;9;3
6937d4d32bb54f3f25cc85ce459354bb7f7eb90b697c875f281aa1f476ee0c96;2018-01-22;2018;1;1
b66159ddd8cd53690da79c7a694ce30589923fcbcb53c522a69138b0608cc03d;2017-08-12;2017;8;3
0e183686fc4926f1466a4eea0644a5526aef765c376ba5c0f5cc0bcdc78a666a;2017-08-09;2017;8;3
31f5cd15e8b057a3cd9df57bb3552f47e42b8372a23063eb85aa5d944dae61bd;2018-09-05;2018;9;3
0ecb93c8e08393a2e1f161c8f1daaa37a39bf81f40d889cca34528b35a54ec30;2017-02-05;2017;2;1
2634f1321a5a4164a24482f6bc987f345e0761f356074d28e64494c45dae8df4;2019-01-03;2019;1;1
a4744953b0f2c04e80520e9d9e24e1076527bcd6c9c243da2737fbbda82687a5;2018-07-18;2018;7;3
70412a9cc5487fa2c75e81c411d5a404839206c6e43469333a1709f66282274a;2017-08-13;2017;8;3
5725983f8b6fae78784357a512ed2c59c2c9a24080d87e4ea0ead93e2ed1dd30;2017-09-03;2017;9;3
a42c38d34c174fc700529bc5d1fa75155c7b9ad20152d46bb8f57da7937458f7;2017-12-21;2017;12;4
66f287162dd73623056a838b509f7cbcdbff886a9c4ef0bcf0dc35264a28dd35;2018-11-20;2018;11;4
6f1e0d56f4b858eef19d7bcdf20af7654b21da3fe491eeb8da6c23b53e4a5de9;2017-05-06;2017;5;2
0e56d61f169861ba1d4177a1b327e0553b74305744c0c82a78da1a00a29d2f96;2018-03-28;2018;3;1
594585094f664407da1400a652d4fa14ab8181683fe885ddbe38cae4fa22abc7;2017-06-17;2017;6;2
d73fef474c6c0e0513a35830da002924d5eb822c05c0ae6283df52bef6d80b2f;2018-10-14;2018;10;4
4ffeaa3d45bbd25d2c88b5c61afa352f91edcc6aae5449638e5fde765e20a8ef;2018-11-19;2018;11;4
8ebd899f3dec696cf0dc39091c5c17ec68fa056ba56bad492a7d8a0712f01ebc;2018-01-18;2018;1;1
0e65eb7a18e0a5994ead8f3a44fda70c48c60887b891b4c62ee2f3a4341fa442;2018-01-29;2018;1;1
8892c63f6b0d612be17dbcbdbe7de5fc128638a5a59d59e108dc53d769bcc627;2018-03-20;2018;3;1
fead5122ae9875d731517c5d3e056d3066e7f3eaf4fbeb1ef1865f5b86f30820;2017-12-24;2017;12;4
b29da6632edf9c58a70b1c28ae1dcdddf4694d49ab6f637043799da2fb66d696;2017-03-23;2017;3;1
7267250d8dad09993da8c7f1c71ffd8a77cfa09596ae731aed0d9c396886f8e3;2018-08-12;2018;8;3
76321b514f0fd7cde6b7112c1229bb5d428ab94c54347ff6976d55c38741354c;2017-08-25;2017;8;3
7b73699dd92306f0e335e6a475eb47ba4064d8e667571500591f36a53f1cddff;2017-04-07;2017;4;2
c6eb604e1a9fd3e21051afe2e39f61528e4df8247594e20517a05f5fe2b14e4a;2018-07-16;2018;7;3
fbd1b923aa2476b0e031d066761f22c86ca52aa687f9099939905d5457d92cf2;2017-01-29;2017;1;1
804ca0b744fd6778bf513a9431f11f8e1c9b47cfef8274cc10181ea8d3771b9a;2017-06-09;2017;6;2
128e2cfaf96afab3fe88741f86a1dd3752ee840d0fc71605998fea8a3cbd5b6a;2018-10-07;2018;10;4
d4fa2e7081eb6dfb75db37cd5369b04f507cf25f41181f4ed2c4852d59d9756a;2017-11-29;2017;11;4
d123446cdf2031b1677993ab0ddffce40bcf9de0ba8d7dcebf877fa70bf93dfb;2017-12-10;2017;12;4
3e3780942f4ab756c42af592408c9a36b80dce8c4cca0d8c702e8bdeb7e2df70;2018-08-01;2018;8;3
c5cdb33c6e92a5be4536c3060358b05122124b150d1e499589bf8154654f2337;2017-12-09;2017;12;4
9c3a6b383cc576abf8fbe0fa25e8e136a945269fe543bd3eda8532334dd5059e;2018-12-01;2018;12;4
622761041356d15895129fb907cfa7f3855ba64efae2ca2654e1aba30ca106fe;2017-02-25;2017;2;1
6ec995bb64cc7ec035f87bb5c38cb7b941e210e572b5c3642f294b9990536fce;2017-03-12;2017;3;1
018183788aaf485e9b12ccfb2d85ed7a1edffa06e262ccaf388dae00937c53b3;2017-11-08;2017;11;4
036db125b114142dd4921d352cfbbe3918d2ae689ab24ad94d0f44d48fcc1bf2;2018-01-25;2018;1;1
706960d2c0716710a3e1e59b44a34a0fe4dccee86b7b673b84157fcec600b3de;2017-06-21;2017;6;2
e9d1b9b3fb6dfee61d536ecfe5e112a11ca849c1d25a7d1e8ca47b868695eb16;2018-02-07;2018;2;1
4d6b5b84fc005faeffcda619b62ec383a9d36fd3975c7cc62be85d5bbfd9a534;2018-06-19;2018;6;2
4d67837b0c123bbb270ebc10ca0957ad8b74461ab064ddec912582f2e67a4456;2018-06-23;2018;6;2
e022288c9a68bb9b20ecf2e6f79b332e70a6178b24b7edc477c16d6cfb17d5b6;2018-11-26;2018;11;4
21ab8453691b4b1083dd705c94f44f42f9061692ac8bbe7d0baf4cecc4d06ba6;2017-11-25;2017;11;4
78923f3e0bd41809d8db40b2c45baa50a7a9a2196ec25274a616e89dbfa965d7;2017-10-08;2017;10;4
9fc5d293397baf6c5891fb07bfc0ef9f6768ff58fbbe2cadb736e35c8fe4218b;2017-11-19;2017;11;4
76fe645e591febc4cdece5f0ff4a9469b506bee99c6010b396ca3d622a30dbbb;2018-09-29;2018;9;3
0043e94477991b5e2c98b613ca717d5dc1a7ded0f9b6221639cfb985f9692584;2017-09-30;2017;9;3
f7b962e81dbdd50bf98956e3bf9c459379b6b2d7eedd01b9b34cae4c31010163;2017-10-07;2017;10;4
5a4b08d20ee543a852f54080392c31341dc18cd35a5f9b0afa16e9175a29a34c;2018-09-03;2018;9;3
c0c9c30af6e0250ced3c8a60d2b1fec08ff70a0e8f46f017ae7801550aa11bd0;2018-06-02;2018;6;2
fcd9309ee6b6e9875cecb6b4fd783f2af303051ff0afbfd4c1c8e7231d99139b;2018-08-29;2018;8;3
458f43239a6e42e5bd0a0b120c66f6f70586abcccc18f60d4f951262b0256f44;2017-01-26;2017;1;1
6258479ff6860eea1493e2761b57ec619afda4aa9a134405643293e82d7f099b;2018-01-15;2018;1;1
3e94b78da5bfe8d73a4089322f1e11c0fe7c094d7f4bd0ede8d7c3680abba6d5;2018-08-19;2018;8;3
9a207be8aa22f424fdc920e790bf510d6d064d78a8b9fa835e08fc67f1c91559;2017-03-16;2017;3;1
8d772cc6f8c505baf9159c593e97391ffc968f23da6cfa4c9fa5bfa56346e04b;2018-11-05;2018;11;4
10e3fb366087997467845f255f23fb53e5226f77474590a2c893c073ef0537fb;2018-03-19;2018;3;1
1820223a258d5a42f6788d9a74c3419d62ac6c3c98dc2d75b537073ec4b53250;2017-03-03;2017;3;1
5ca673e00c24e52ca9225ec352be984be0ed4036c06a69437a8a392948dc302a;2018-06-07;2018;6;2
2842f3cfacd2dc0dc916e5ffc076a747a578b6ef353dcb7db01e9c5b75beaead;2018-12-09;2018;12;4
622a70dceaecbd6c3586e26bb2e287a145f0bfa7845b8ac2a718168154fd89fb;2017-04-23;2017;4;2
f768dd1838b5860e8f7b289da4c981b3899b220b42c2de3567d6029d2cdf14b7;2018-12-24;2018;12;4
8c13dd96f87c98e4dba2191b8963a64ddbc897e82c104452e0be65066ecb48f7;2018-01-23;2018;1;1
db83211d77fc5550ae36a1da5c3fa092d1a240455383ffe61244a939da2adf7b;2018-04-15;2018;4;2
b74792e13863ec8b01dfb4f54546dac95f156dfade59f0eae7462423146a972f;2017-01-25;2017;1;1
906b6eeaf8bfdab92bea39a7869d9d8d455ccbd7e81053ea0615dd850779e870;2018-01-06;2018;1;1
cc89b37ee2dae2d9a1ae90ce89ef53c8b2eb82b6ae4c68485759d9cddb419376;2018-07-11;2018;7;3
6113e302a1af6d630701ba1449cc265a46059e22b30384fe43aac4c8dc13f4f8;2018-08-18;2018;8;3
0c4f0e1f1e7c4e8f7ab79577845e8755d74f176f996553f1fd9dceec509b6b5e;2019-01-16;2019;1;1
ef3483c3f5cc0d13c38a8c6c01e34eb2dd0857708d77a6bbdff9ff6f2034e860;2017-08-20;2017;8;3
ba0d42793db43a16551ae28a497a9cedaba4a0bf1c9e3fa8951b2da3fecf8b4e;2018-07-17;2018;7;3
9ccb9ffd1cd070577cb9fb773bbd4481aac1cc25ac232b14fd3d34eda35e8eda;2018-02-19;2018;2;1
ef2447ff6b66bbaf7ba07881735ab63b71ccea63ec5cff6aa0c9a6def724d815;2018-07-02;2018;7;3
339d240a608a558298ed66c682a64def73572a30ac3c3ce603a3a84541408c00;2017-12-01;2017;12;4
6bd8ac8dd108c3d080812f49b87f322c837eebc19bb355e505a263620cd0f40f;2017-08-11;2017;8;3
a4d372b36936b629ab3961012491aca5ae627506524cbc5d520f6fa578500286;2018-07-23;2018;7;3
d0f9b82af06b24ad56f6c42d34cfc9c82e7ef623934147f9cc6e569d1b04c6a5;2018-04-21;2018;4;2
03a3f4d2e76cbb92c238e5b0af823dcbf0a71b8777dcf73b50331704b9d894b6;2017-03-17;2017;3;1
7abaa5cbd394aa582c4343025711625a23ae7a5b6b997b3c6321d010cc369898;2018-03-07;2018;3;1
77c391f40b78f613e909bcce5bf456a1c08e7f97300a1c9573c1c015b14446c4;2019-01-23;2019;1;1
e772c5132cb8c0b24ad9ec89821b5d98fbea71ad81fea312c60ab9b11e081b10;2018-07-31;2018;7;3
c29357ca1888687e6a757cc44bd036fb541292cdc381e657ab7d3b208b23a8c6;2017-03-30;2017;3;1
e3fe58312f5841dc8ef824432fd78d0e66ab6fab938257767137fbc70d7986db;2019-01-01;2019;1;1
5a09c006403e3de8cca205aeaba921aca921cdba02049af39ed41fbf6af06dbb;2017-02-09;2017;2;1
cde903c9fddd217f638edc2011a2c0cb4f0552e2c458fd15b831068c7a039d91;2017-01-13;2017;1;1
49bd5ba3fda673bd03340fd650d9d52dc09cb0ad0a5543c76b8e93deee19591e;2018-10-08;2018;10;4
aa0cfa011fbc01767621b12cd16a2bdb900bf18e69e69f6f141b5bad25af90a6;2018-07-25;2018;7;3
524d25558b306d8385923df37974fcb1fa1f46514568d1e582e1a28ea962b114;2017-05-20;2017;5;2
5a974568e201c2a0866dc2691bbaa3a81d5aec155b6f8cd60617c9373375609f;2018-11-28;2018;11;4
7e1babe3380bf7d112bec3fa8e442001fa8a0b1822a70af146f2604741ec7acb;2017-10-29;2017;10;4
c98d39d4012245b03fc7da2e2a536ab0c02af6cbf623ce6f5f7f66f25fe64400;2018-03-18;2018;3;1
92f30429139b38c9302e4ab4186c584c907566bb81a468be6e8e7b61cf5cd7b0;2017-03-24;2017;3;1
8deff1ed92e5eed765ef34c77e309b555bce94e8c3f5f30a00d281ab836c3b77;2018-12-30;2018;12;4
b476b3a8eef00d496e6a86285f5ca66c6e62ed9707c9ac7531c23e9dc8b8721d;2018-02-22;2018;2;1
ceb60d724a200fa8b0794f7ee9e269d2d1a9dc0358a18683557416dfd25cd1e6;2018-09-10;2018;9;3
674fd485034232333f788a2437089a6cc879df875c98691890fd4d782a4a3db9;2019-01-15;2019;1;1
554ccabea0688a5628a8546b930a8505f60c2f379937b169efc429f3664b1d63;2018-01-03;2018;1;1
88e6fd9ec0b13d8ca7e2445ba73ac4e2abd6f829ca7b22da1a388b9907cccca9;2017-07-12;2017;7;3
3fd81e2b119d29013f61883da1229a671bffb2393ad9b0954c8ca94bc61861bb;2018-08-05;2018;8;3
33a30368ba6f95494c3e722fc1f9bbeb24ca42c8246f0ec48eda07d6800e70a3;2017-09-06;2017;9;3
e26b39f274a86a8da9ea12fa75ceac6e32ecb4869adb0d14e19a34410cd2f23b;2018-07-09;2018;7;3
2fd14b732fcea9a06820b369a3047e98918cbd305f53c00cebe2ddb5a8341e27;2018-08-14;2018;8;3
1fc001602e3bc5bb91ada5ef49311b4ab63158365c39cec655f53b531b186bda;2018-03-25;2018;3;1
b8b37bde868332b8ebe187ef47eb245fb682d083c3bce81eedf149ee1e2fe69c;2018-11-14;2018;11;4
8ac1824d6c9268fff892e7a05ec6ea411b916edcf029477b17e1b4829fb676fb;2018-03-17;2018;3;1
d99774aa6accf4ab5fb7cf538054cd562391cbc35e67e4ae2e7c5f493eb9a09d;2017-05-31;2017;5;2
68ce966b70b11aa62f039a665ef63d53b154d739ca37fb6d881fc1c6a8938842;2018-06-12;2018;6;2
940d51ebeeb0636dfcd1dee1643d33cf738241394937a062d83c57146646d682;2017-11-05;2017;11;4
264d04521eaa4efbc57d6a09777d77553199464535e1f5fb63ab799a8b24b031;2017-02-26;2017;2;1
bd12954f3cfa319a7be0cea1c458ba47fe19e00ca7b55e88947071fc9f14e1a1;2018-02-28;2018;2;1
ec24d9aa58bff2e9d1c5d96d8a1657a220e85858793569858724b34e6055373b;2017-07-09;2017;7;3
64350d9f19f8d3ecdd04a708811a63ec8822c27f3bad2fec45e50deb9086bf95;2017-10-20;2017;10;4
23bc555aea0dd7f0c589927e6e8858e88f11e071e85cd932a8739fc68c42bfca;2017-01-27;2017;1;1
6b8ca79f9056b1ae51504a914f2e07cbf3faf784bf1486aedfa32a2cf46943f4;2018-07-29;2018;7;3
6e18a3fdf121d03db2bd88829d825a9907060d7eb29121c7e2a74adc22786ece;2017-04-13;2017;4;2
6b87526b2918d709b240a38111c5c98ca652fa30178d4436646f798300a32a50;2017-05-12;2017;5;2
7b553c22ee386d0294fe2fdd3e1ac696ba9334370f9ba2dbf33d7ae1b15d8109;2017-07-27;2017;7;3
19ed1a133682650f5caa56982c7e0ece7b52fae0f5a5aae8b06dec671c1b9051;2018-11-04;2018;11;4
6c2c0c53dee296916e50d73d0622484fbafe4050d19840bffba179137ec598e9;2018-06-26;2018;6;2
382badc357735c2b6e0e015a83a29e80ab60d9fb74a6ddc5ac9fa616261dd049;2018-09-08;2018;9;3
c5ba4739e126fb9ab756b47167c8f7e1e750edcd8cb567b17f4627aa6273437c;2017-09-20;2017;9;3
9b88405d8ca1459db37cb1b99f1a63b8a5528bef58c78d5127f2915a9fb0691e;2018-02-26;2018;2;1
280e5e72f6a91f8373cf8777b49a1304c75259eb5d01d1ba37fa9b846d22bf27;2018-10-20;2018;10;4
204acb9220209ab870b34354d3d1090f078a45fbb13da25b68bc0c33d2791569;2018-01-31;2018;1;1
2577a6e183502a7cb6d31addd12ffe6efe2ddbd382c9ffe7572ea44d95b5b538;2018-08-08;2018;8;3
c5b017c3fd85ffe0dfcadcbf2526f89bb700ab36dd0eee1118c87fbf3fc9c766;2018-03-10;2018;3;1
d901482d3820346d7c5291291a5e7dd27867b6d85b39c80f2284e324857b3e32;2018-04-25;2018;4;2
8875707bbbfb36c56141b4f7497140d42d68fdaaa0335ac6b3d103d4cbb50b6e;2019-03-11;2019;3;1
e32fa34abe6e4ac0f7b90c4c1c8c7e09c826f7848ef128ab6fbe84c4b2325f20;2018-06-04;2018;6;2
124f6dec613b9561aff62b6611428972e55c12144bffdf4261637ea1e7697a6c;2018-09-23;2018;9;3
b382c8109e09ece31314352c9cd2f85c89865c19ee4f18c1920e8b46f8e6cbcf;2018-12-17;2018;12;4
aafefa1ed55b0e9aa176731b8ef30deb21423aa69605bc5ec3fdea573b97d69b;2017-11-02;2017;11;4
7a5ef34a148a706136347274e40ed64765128ebf6620fe0cce5dbdeaec012b03;2017-04-22;2017;4;2
d058e0bcd1ecf09d89d513c6800f90c8e33e9efef545916549a6d95b429f96fe;2019-03-14;2019;3;1
3b244dbdd9e9182b2b5609cacd1b437d682f2153aa556a5805b38159b93f0c4b;2018-12-12;2018;12;4
da048a88a0dfafe3b43bd0bc8a84cae2eb8b51add9b30b5608292b23c53271f2;2018-04-11;2018;4;2
9b946fc988abd9ffc4120a18b83007f78c99432902f23ce0880a88da3146ee1b;2018-08-15;2018;8;3
d5a4f53875944d4917654f8243cc3f2c574c41aab93a9d9c2b1062867a20b7de;2018-05-07;2018;5;2
5b3308aa4d7a0f51cfb6627d78458c27cb1d62a7e5e0bc0b4d9097f0ea2fb3ee;2019-03-21;2019;3;1
8af32889bbdbdc7f051f620e3df22bc84439fc8ca2c60cc28e921c42300ef73d;2017-04-14;2017;4;2
c23b540d43a76837b16f9fffa3c08018b23561cab4d64b5a0b83298ed705c1d1;2017-04-20;2017;4;2
25eedb16437d8d35cf757dd6c5c58714d6a2e697104c6f8ef0a4f8b9f3b721c1;2017-10-04;2017;10;4
4cb86d12723fcb83e660ef7c52ff31406ed42498ad2fc32fa312848411296cab;2017-10-11;2017;10;4
c51bac634ca6320971e2e233c66f7e8277a9c598ea6f62a594d06bb22b94df48;2017-04-01;2017;4;2
e3f9907fed769c93a3fd3491f4d3d4d4c473568ea38d0b7e2074e4878b4c7162;2017-05-25;2017;5;2
361ef8134affd35bd4ab225c97903ea97417ef90c9c4c7c276109ac617f04dec;2017-08-03;2017;8;3
d1b0072fc07c251701b69aded6e34529f5b3fcf3057e36ab57ddd5c023acd78c;2018-02-06;2018;2;1
8ca72b146b1e6dd0fa46c080eaaf6bb4f63dd13e5a9b0f77af1a00bf7d0cd2c8;2019-01-29;2019;1;1
b86895bc94930d5f5a1ad303f16570911c279ddab69f924bb9bbbc0bcaf2ea00;2017-04-30;2017;4;2
8b8827b10f276fc24594a22dcc2aa888767b4b9f4abbcc21cd0a511f72c36013;2019-02-20;2019;2;1
a1a45c11f857d81567a4331f6c6b0e97867ae40fc37cbe024197ce2ae5146feb;2017-06-19;2017;6;2
e2adbb04f68c55e4ab3abf929941d19c48b24f7f41b6953118c47d919b208642;2019-02-17;2019;2;1
6a8f348582c1816bc06e49e46b97c589618d2f7b38e11ec4d8a0980c730231c4;2017-06-14;2017;6;2
1ad13020241cb7f180fbe2cc76831a48714a9ec5fc5ecd9457684de8e9c64f9d;2019-02-27;2019;2;1
a7b7f0bc43abdf3ca91328b1f69a213262747785764b3ccb29f3a5c7052f49c8;2019-02-19;2019;2;1
